1,1.00011,1.00045,1.00101,1.0018,1.00281,1.00405,1.00552,1.00721,1.00913,1.01128,1.01365,1.01625,1.01908,1.02214,1.02544,1.02896,1.03271,1.03669,1.04091,1.04536,1.05005,1.05497,1.06012,1.06552,1.07115,1.07702,1.08313,1.08948,1.09608,1.10291,1.11,1.11732,1.12489,1.13271,1.14077,1.14908,1.15764,1.16645,1.17551,1.18482,1.19439,1.2042,1.21427,1.22459,1.23516,1.24599,1.25707,1.2684,1.27999,1.29183,1.30392,1.31626,1.32886,1.34171,1.35481,1.36815,1.38175,1.39559,1.40967,1.424,1.43857,1.45337,1.46842,1.48369,1.4992,1.51493,1.53089,1.54706,1.56345,1.58006,1.59687,1.61388,1.63109,1.64849,1.66608
1,1.00012,1.00046,1.00104,1.00185,1.00289,1.00416,1.00567,1.0074,1.00937,1.01158,1.01401,1.01669,1.01959,1.02273,1.02611,1.02973,1.03358,1.03767,1.042,1.04657,1.05138,1.05644,1.06173,1.06727,1.07306,1.07909,1.08536,1.09189,1.09866,1.10568,1.11295,1.12048,1.12825,1.13628,1.14457,1.1531,1.1619,1.17095,1.18026,1.18982,1.19965,1.20973,1.22007,1.23068,1.24154,1.25266,1.26405,1.27569,1.28759,1.29975,1.31218,1.32486,1.33779,1.35099,1.36444,1.37815,1.3921,1.40631,1.42077,1.43548,1.45043,1.46563,1.48106,1.49673,1.51264,1.52877,1.54513,1.56172,1.57852,1.59553,1.61275,1.63018,1.6478,1.66561,1.68361
1,1.00012,1.00047,1.00107,1.0019,1.00296,1.00427,1.00581,1.0076,1.00962,1.01188,1.01438,1.01712,1.02011,1.02333,1.0268,1.03051,1.03446,1.03866,1.04311,1.0478,1.05274,1.05792,1.06336,1.06905,1.07499,1.08118,1.08762,1.09432,1.10127,1.10848,1.11595,1.12368,1.13166,1.13991,1.14842,1.15718,1.16622,1.17551,1.18507,1.19489,1.20498,1.21534,1.22596,1.23685,1.24801,1.25943,1.27112,1.28308,1.2953,1.30779,1.32055,1.33357,1.34685,1.3604,1.3742,1.38827,1.4026,1.41718,1.43202,1.44711,1.46245,1.47804,1.49387,1.50994,1.52624,1.54278,1.55955,1.57654,1.59375,1.61118,1.62881,1.64665,1.66468,1.6829,1.7013
1,1.00012,1.00049,1.00109,1.00195,1.00304,1.00438,1.00596,1.00779,1.00987,1.01219,1.01475,1.01757,1.02063,1.02393,1.02749,1.0313,1.03536,1.03967,1.04423,1.04904,1.05411,1.05943,1.06501,1.07085,1.07694,1.0833,1.08991,1.09679,1.10392,1.11133,1.11899,1.12692,1.13512,1.14358,1.15232,1.16132,1.17059,1.18013,1.18995,1.20004,1.21039,1.22103,1.23193,1.24311,1.25457,1.26629,1.27829,1.29057,1.30312,1.31594,1.32903,1.34239,1.35602,1.36993,1.3841,1.39853,1.41323,1.42819,1.44341,1.45889,1.47462,1.4906,1.50683,1.5233,1.54001,1.55696,1.57413,1.59153,1.60916,1.62699,1.64504,1.66328,1.68172,1.70035,1.71917
1,1.00012,1.0005,1.00112,1.002,1.00312,1.00449,1.00612,1.00799,1.01012,1.0125,1.01513,1.01801,1.02115,1.02455,1.0282,1.0321,1.03626,1.04068,1.04536,1.0503,1.0555,1.06096,1.06668,1.07267,1.07893,1.08544,1.09223,1.09929,1.10661,1.1142,1.12207,1.13021,1.13862,1.14731,1.15627,1.16551,1.17503,1.18482,1.19489,1.20525,1.21588,1.22679,1.23798,1.24946,1.26121,1.27325,1.28556,1.29816,1.31103,1.32419,1.33762,1.35133,1.36532,1.37958,1.39412,1.40892,1.424,1.43934,1.45494,1.47081,1.48694,1.50331,1.51994,1.53682,1.55393,1.57129,1.58887,1.60669,1.62472,1.64297,1.66142,1.68008,1.69893,1.71797,1.73718
1,1.00013,1.00051,1.00115,1.00205,1.0032,1.00461,1.00627,1.00819,1.01037,1.01281,1.01551,1.01847,1.02169,1.02517,1.02891,1.03291,1.03718,1.04171,1.04651,1.05157,1.05691,1.06251,1.06838,1.07452,1.08093,1.08762,1.09458,1.10182,1.10933,1.11712,1.12519,1.13354,1.14217,1.15108,1.16028,1.16976,1.17952,1.18957,1.19991,1.21053,1.22144,1.23263,1.24412,1.25589,1.26795,1.28029,1.29293,1.30585,1.31906,1.33255,1.34633,1.36039,1.37474,1.38936,1.40427,1.41945,1.4349,1.45063,1.46662,1.48288,1.4994,1.51618,1.53321,1.55049,1.56802,1.58578,1.60378,1.622,1.64045,1.65911,1.67797,1.69704,1.71629,1.73573,1.75535
1,1.00013,1.00052,1.00118,1.0021,1.00328,1.00472,1.00643,1.0084,1.01063,1.01313,1.0159,1.01893,1.02223,1.02579,1.02963,1.03373,1.03811,1.04276,1.04767,1.05287,1.05833,1.06408,1.07009,1.07639,1.08297,1.08983,1.09696,1.10438,1.11209,1.12008,1.12835,1.13692,1.14577,1.15491,1.16434,1.17406,1.18408,1.19438,1.20498,1.21588,1.22707,1.23855,1.25033,1.2624,1.27477,1.28743,1.30039,1.31364,1.32719,1.34102,1.35515,1.36957,1.38428,1.39927,1.41454,1.4301,1.44594,1.46205,1.47844,1.49509,1.51201,1.52919,1.54663,1.56432,1.58225,1.60043,1.61883,1.63747,1.65633,1.6754,1.69467,1.71414,1.7338,1.75364,1.77365
1,1.00013,1.00054,1.00121,1.00215,1.00336,1.00484,1.00658,1.0086,1.01089,1.01346,1.01629,1.0194,1.02278,1.02643,1.03036,1.03457,1.03905,1.04381,1.04885,1.05417,1.05978,1.06566,1.07183,1.07829,1.08503,1.09206,1.09938,1.10698,1.11488,1.12307,1.13156,1.14034,1.14941,1.15878,1.16845,1.17842,1.18869,1.19926,1.21013,1.2213,1.23277,1.24455,1.25662,1.269,1.28168,1.29467,1.30795,1.32154,1.33542,1.3496,1.36409,1.37886,1.39393,1.4093,1.42495,1.44089,1.45711,1.47361,1.49039,1.50745,1.52477,1.54235,1.5602,1.57829,1.59664,1.61522,1.63404,1.65309,1.67236,1.69184,1.71152,1.7314,1.75146,1.77169,1.79209
1,1.00014,1.00055,1.00124,1.0022,1.00344,1.00495,1.00674,1.00881,1.01116,1.01378,1.01669,1.01987,1.02333,1.02707,1.0311,1.03541,1.04,1.04488,1.05005,1.0555,1.06124,1.06727,1.07359,1.08021,1.08712,1.09432,1.10182,1.10961,1.11771,1.12611,1.1348,1.1438,1.1531,1.16271,1.17262,1.18284,1.19336,1.2042,1.21534,1.22679,1.23855,1.25062,1.263,1.27569,1.28868,1.30199,1.31561,1.32953,1.34376,1.35829,1.37313,1.38827,1.40371,1.41945,1.43548,1.4518,1.46841,1.48531,1.50249,1.51994,1.53766,1.55566,1.57391,1.59242,1.61117,1.63017,1.6494,1.66886,1.68854,1.70842,1.72851,1.74879,1.76924,1.78987,1.81066
1,1.00014,1.00056,1.00127,1.00225,1.00352,1.00507,1.00691,1.00902,1.01143,1.01411,1.01709,1.02034,1.02389,1.02773,1.03185,1.03626,1.04097,1.04596,1.05125,1.05684,1.06272,1.0689,1.07537,1.08215,1.08923,1.09661,1.10429,1.11228,1.12057,1.12918,1.13809,1.14731,1.15684,1.16668,1.17684,1.18731,1.1981,1.2092,1.22062,1.23235,1.2444,1.25677,1.26945,1.28245,1.29577,1.30941,1.32336,1.33762,1.3522,1.36709,1.38228,1.39779,1.4136,1.42972,1.44613,1.46284,1.47985,1.49714,1.51472,1.53257,1.5507,1.5691,1.58776,1.60668,1.62585,1.64526,1.6649,1.68477,1.70485,1.72515,1.74563,1.76631,1.78716,1.80817,1.82934
1,1.00014,1.00058,1.0013,1.00231,1.0036,1.00519,1.00707,1.00924,1.0117,1.01445,1.01749,1.02083,1.02446,1.02838,1.03261,1.03712,1.04194,1.04706,1.05248,1.0582,1.06422,1.07055,1.07718,1.08412,1.09137,1.09893,1.1068,1.11498,1.12347,1.13229,1.14141,1.15086,1.16062,1.17071,1.18111,1.19184,1.20289,1.21426,1.22596,1.23798,1.25033,1.263,1.27599,1.28931,1.30295,1.31692,1.3312,1.34581,1.36074,1.37599,1.39155,1.40743,1.42361,1.44011,1.45691,1.47401,1.49141,1.5091,1.52708,1.54534,1.56388,1.58269,1.60176,1.62109,1.64067,1.66049,1.68054,1.70082,1.72131,1.742,1.76289,1.78396,1.8052,1.82659,1.84813
1,1.00015,1.00059,1.00133,1.00236,1.00369,1.00531,1.00724,1.00945,1.01197,1.01479,1.0179,1.02132,1.02503,1.02905,1.03337,1.038,1.04293,1.04817,1.05371,1.05957,1.06573,1.07221,1.079,1.08611,1.09353,1.10127,1.10933,1.11771,1.12641,1.13543,1.14478,1.15446,1.16446,1.17478,1.18544,1.19643,1.20774,1.21939,1.23137,1.24368,1.25633,1.2693,1.28261,1.29625,1.31022,1.32452,1.33915,1.35411,1.36939,1.385,1.40093,1.41718,1.43374,1.45062,1.46781,1.48531,1.5031,1.52119,1.53958,1.55825,1.57719,1.59641,1.6159,1.63564,1.65563,1.67586,1.69632,1.717,1.7379,1.75899,1.78027,1.80173,1.82335,1.84512,1.86702
1,1.00015,1.0006,1.00136,1.00241,1.00377,1.00544,1.0074,1.00967,1.01225,1.01513,1.01832,1.02181,1.02561,1.02973,1.03415,1.03888,1.04393,1.04929,1.05497,1.06096,1.06727,1.0739,1.08085,1.08813,1.09572,1.10365,1.1119,1.12047,1.12938,1.13862,1.14819,1.1581,1.16833,1.17891,1.18982,1.20107,1.21266,1.22458,1.23685,1.24945,1.2624,1.27568,1.28931,1.30327,1.31757,1.33221,1.34719,1.3625,1.37814,1.39411,1.41041,1.42704,1.44399,1.46125,1.47884,1.49673,1.51492,1.53342,1.55221,1.57128,1.59064,1.61027,1.63017,1.65032,1.67072,1.69136,1.71223,1.73331,1.75461,1.7761,1.79777,1.81961,1.8416,1.86374,1.886
1,1.00015,1.00062,1.00139,1.00247,1.00386,1.00556,1.00757,1.0099,1.01253,1.01548,1.01874,1.02231,1.0262,1.03041,1.03493,1.03978,1.04494,1.05043,1.05623,1.06237,1.06882,1.07561,1.08272,1.09017,1.09794,1.10605,1.11449,1.12327,1.13239,1.14185,1.15164,1.16178,1.17226,1.18308,1.19425,1.20577,1.21763,1.22984,1.24239,1.2553,1.26855,1.28214,1.29609,1.31038,1.32502,1.34,1.35532,1.37099,1.38699,1.40333,1.42001,1.43702,1.45435,1.47201,1.48998,1.50827,1.52687,1.54577,1.56496,1.58445,1.60422,1.62426,1.64457,1.66513,1.68594,1.70699,1.72826,1.74975,1.77144,1.79332,1.81537,1.83759,1.85996,1.88245,1.90506
1,1.00016,1.00063,1.00142,1.00253,1.00395,1.00569,1.00774,1.01012,1.01281,1.01583,1.01916,1.02282,1.0268,1.0311,1.03573,1.04068,1.04596,1.05157,1.05751,1.06379,1.07039,1.07734,1.08461,1.09223,1.10018,1.10848,1.11712,1.1261,1.13543,1.14511,1.15513,1.16551,1.17623,1.18731,1.19874,1.21052,1.22266,1.23516,1.248,1.26121,1.27477,1.28868,1.30295,1.31757,1.33255,1.34788,1.36355,1.37958,1.39595,1.41266,1.42971,1.4471,1.46482,1.48287,1.50125,1.51993,1.53894,1.55824,1.57785,1.59774,1.61792,1.63838,1.6591,1.68007,1.70129,1.72274,1.74442,1.7663,1.78839,1.81065,1.83308,1.85567,1.8784,1.90124,1.9242
1,1.00016,1.00064,1.00145,1.00258,1.00404,1.00581,1.00792,1.01035,1.0131,1.01618,1.01959,1.02333,1.0274,1.0318,1.03653,1.0416,1.047,1.05274,1.05881,1.06523,1.07198,1.07908,1.08653,1.09432,1.10246,1.11094,1.11978,1.12897,1.13851,1.14841,1.15867,1.16928,1.18025,1.19159,1.20328,1.21534,1.22775,1.24054,1.25368,1.26719,1.28106,1.2953,1.30989,1.32485,1.34017,1.35584,1.37188,1.38826,1.405,1.42209,1.43953,1.4573,1.47541,1.49386,1.51263,1.53172,1.55113,1.57084,1.59086,1.61117,1.63176,1.65262,1.67375,1.69513,1.71676,1.73862,1.76069,1.78297,1.80544,1.82808,1.85089,1.87384,1.89692,1.92011,1.94339
1,1.00016,1.00066,1.00148,1.00264,1.00413,1.00594,1.00809,1.01057,1.01339,1.01654,1.02003,1.02385,1.02801,1.0325,1.03734,1.04252,1.04804,1.05391,1.06012,1.06668,1.07359,1.08085,1.08846,1.09643,1.10475,1.11343,1.12247,1.13187,1.14163,1.15175,1.16224,1.1731,1.18432,1.19591,1.20787,1.22021,1.23291,1.24598,1.25943,1.27324,1.28743,1.30199,1.31691,1.33221,1.34787,1.3639,1.3803,1.39705,1.41416,1.43163,1.44945,1.46761,1.48611,1.50496,1.52413,1.54363,1.56344,1.58356,1.60399,1.62471,1.64571,1.66699,1.68853,1.71032,1.73235,1.7546,1.77707,1.79974,1.82259,1.84561,1.86878,1.89209,1.91551,1.93903,1.96263
1,1.00017,1.00067,1.00152,1.0027,1.00422,1.00607,1.00827,1.01081,1.01368,1.0169,1.02046,1.02437,1.02862,1.03322,1.03816,1.04346,1.0491,1.0551,1.06145,1.06815,1.07522,1.08264,1.09042,1.09857,1.10707,1.11595,1.12519,1.1348,1.14478,1.15513,1.16586,1.17696,1.18844,1.20029,1.21252,1.22513,1.23812,1.25149,1.26524,1.27936,1.29387,1.30876,1.32402,1.33966,1.35567,1.37205,1.38881,1.40593,1.42342,1.44127,1.45947,1.47803,1.49693,1.51617,1.53575,1.55565,1.57587,1.59641,1.61724,1.63837,1.65979,1.68147,1.70342,1.72562,1.74805,1.7707,1.79356,1.81661,1.83984,1.86323,1.88676,1.91041,1.93417,1.95801,1.98191
1,1.00017,1.00069,1.00155,1.00276,1.00431,1.0062,1.00845,1.01104,1.01398,1.01727,1.02091,1.0249,1.02924,1.03394,1.03899,1.0444,1.05017,1.0563,1.06279,1.06964,1.07686,1.08445,1.0924,1.10073,1.10942,1.11849,1.12794,1.13777,1.14797,1.15855,1.16952,1.18087,1.1926,1.20472,1.21722,1.23011,1.24339,1.25706,1.27111,1.28556,1.30039,1.3156,1.3312,1.34718,1.36355,1.3803,1.39742,1.41491,1.43278,1.45101,1.4696,1.48855,1.50785,1.52749,1.54748,1.56779,1.58842,1.60937,1.63061,1.65216,1.67398,1.69608,1.71843,1.74103,1.76386,1.7869,1.81015,1.83358,1.85718,1.88092,1.9048,1.92879,1.95287,1.97702,2.00122
1,1.00018,1.0007,1.00158,1.00281,1.0044,1.00634,1.00863,1.01128,1.01428,1.01764,1.02136,1.02543,1.02987,1.03467,1.03983,1.04536,1.05125,1.05751,1.06415,1.07115,1.07852,1.08628,1.0944,1.10291,1.1118,1.12107,1.13072,1.14077,1.15119,1.16201,1.17322,1.18482,1.19681,1.2092,1.22198,1.23515,1.24873,1.26269,1.27706,1.29182,1.30697,1.32252,1.33846,1.3548,1.37152,1.38863,1.40612,1.42399,1.44224,1.46085,1.47984,1.49918,1.51888,1.53893,1.55932,1.58004,1.60108,1.62244,1.6441,1.66605,1.68829,1.71079,1.73355,1.75655,1.77977,1.8032,1.82683,1.85063,1.87459,1.89869,1.92291,1.94723,1.97162,1.99607,2.02055
1,1.00018,1.00072,1.00162,1.00287,1.00449,1.00647,1.00881,1.01152,1.01458,1.01801,1.02181,1.02597,1.03051,1.03541,1.04068,1.04633,1.05235,1.05874,1.06552,1.07267,1.08021,1.08812,1.09643,1.10512,1.1142,1.12367,1.13354,1.1438,1.15445,1.16551,1.17696,1.18881,1.20107,1.21372,1.22678,1.24025,1.25412,1.26839,1.28307,1.29815,1.31364,1.32952,1.34581,1.36249,1.37957,1.39705,1.41491,1.43316,1.45179,1.4708,1.49018,1.50992,1.53003,1.55048,1.57127,1.59241,1.61386,1.63563,1.6577,1.68006,1.70271,1.72561,1.74877,1.77217,1.79578,1.8196,1.8436,1.86777,1.89208,1.91653,1.94108,1.96571,1.9904,2.01513,2.03988
1,1.00018,1.00073,1.00165,1.00293,1.00459,1.00661,1.009,1.01176,1.01489,1.01839,1.02227,1.02652,1.03115,1.03615,1.04154,1.0473,1.05345,1.05998,1.0669,1.07421,1.0819,1.08999,1.09848,1.10735,1.11663,1.12631,1.13638,1.14686,1.15775,1.16904,1.18074,1.19285,1.20537,1.2183,1.23165,1.2454,1.25957,1.27415,1.28915,1.30455,1.32037,1.3366,1.35323,1.37027,1.38772,1.40556,1.4238,1.44243,1.46145,1.48085,1.50062,1.52077,1.54127,1.56213,1.58334,1.60488,1.62675,1.64893,1.67141,1.69418,1.71723,1.74054,1.7641,1.78788,1.81188,1.83608,1.86045,1.88498,1.90964,1.93442,1.95928,1.98422,2.0092,2.03421,2.0592
1,1.00019,1.00075,1.00168,1.00299,1.00468,1.00674,1.00918,1.012,1.0152,1.01877,1.02273,1.02707,1.0318,1.03691,1.0424,1.04829,1.05457,1.06124,1.0683,1.07576,1.08362,1.09188,1.10055,1.10961,1.11909,1.12897,1.13926,1.14997,1.16108,1.17262,1.18457,1.19694,1.20972,1.22293,1.23656,1.25061,1.26508,1.27998,1.29529,1.31103,1.32718,1.34375,1.36074,1.37813,1.39594,1.41416,1.43278,1.45179,1.4712,1.49099,1.51117,1.53171,1.55263,1.5739,1.59551,1.61746,1.63974,1.66233,1.68523,1.70841,1.73186,1.75557,1.77952,1.80369,1.82807,1.85264,1.87737,1.90225,1.92725,1.95235,1.97753,2.00276,2.02802,2.05327,2.0785
1,1.00019,1.00076,1.00172,1.00306,1.00478,1.00688,1.00937,1.01225,1.01551,1.01916,1.0232,1.02763,1.03245,1.03767,1.04328,1.04929,1.0557,1.06251,1.06972,1.07733,1.08536,1.09379,1.10264,1.11189,1.12157,1.13166,1.14217,1.1531,1.16445,1.17623,1.18844,1.20107,1.21413,1.22761,1.24153,1.25588,1.27066,1.28587,1.3015,1.31757,1.33406,1.35098,1.36832,1.38608,1.40426,1.42285,1.44185,1.46125,1.48105,1.50124,1.52181,1.54277,1.56409,1.58576,1.60779,1.63015,1.65284,1.67585,1.69915,1.72273,1.74659,1.77069,1.79504,1.81959,1.84435,1.86928,1.89437,1.91959,1.94491,1.97033,1.9958,2.02131,2.04683,2.07233,2.09777
1,1.00019,1.00078,1.00175,1.00312,1.00487,1.00702,1.00956,1.0125,1.01583,1.01955,1.02367,1.02819,1.03312,1.03844,1.04416,1.0503,1.05684,1.06379,1.07115,1.07892,1.08711,1.09572,1.10475,1.1142,1.12408,1.13438,1.14511,1.15627,1.16786,1.17988,1.19234,1.20524,1.21857,1.23234,1.24655,1.2612,1.27629,1.29182,1.30778,1.32418,1.34101,1.35828,1.37598,1.39411,1.41265,1.43162,1.45101,1.4708,1.49099,1.51158,1.53256,1.55392,1.57565,1.59774,1.62017,1.64295,1.66605,1.68946,1.71317,1.73716,1.76141,1.78591,1.81064,1.83557,1.8607,1.88599,1.91142,1.93697,1.96262,1.98834,2.0141,2.03987,2.06563,2.09135,2.117
1,1.0002,1.00079,1.00179,1.00318,1.00497,1.00716,1.00976,1.01275,1.01615,1.01995,1.02415,1.02876,1.03378,1.03922,1.04506,1.05132,1.05799,1.06508,1.07259,1.08053,1.08889,1.09767,1.10689,1.11653,1.12661,1.13713,1.14808,1.15947,1.1713,1.18358,1.19629,1.20946,1.22307,1.23713,1.25163,1.26658,1.28198,1.29783,1.31412,1.33086,1.34804,1.36566,1.38372,1.40221,1.42114,1.44049,1.46026,1.48044,1.50103,1.52202,1.5434,1.56517,1.58731,1.60981,1.63266,1.65585,1.67936,1.70318,1.72729,1.75168,1.77633,1.80121,1.82632,1.85163,1.87712,1.90276,1.92853,1.9544,1.98036,2.00636,2.03239,2.05842,2.08441,2.11034,2.13617
1,1.0002,1.00081,1.00182,1.00324,1.00507,1.00731,1.00995,1.013,1.01647,1.02034,1.02463,1.02934,1.03446,1.04,1.04596,1.05235,1.05915,1.06639,1.07405,1.08215,1.09068,1.09964,1.10904,1.11889,1.12917,1.1399,1.15108,1.1627,1.17478,1.18731,1.20029,1.21372,1.22761,1.24196,1.25676,1.27202,1.28774,1.30391,1.32053,1.33761,1.35514,1.37312,1.39154,1.41041,1.42971,1.44944,1.4696,1.49017,1.51116,1.53256,1.55435,1.57652,1.59907,1.62198,1.64524,1.66884,1.69276,1.71699,1.7415,1.76629,1.79133,1.8166,1.84209,1.86776,1.8936,1.91958,1.94568,1.97187,1.99812,2.0244,2.05069,2.07695,2.10316,2.12927,2.15526
1,1.00021,1.00083,1.00186,1.00331,1.00517,1.00745,1.01015,1.01326,1.01679,1.02075,1.02512,1.02992,1.03514,1.04079,1.04687,1.05339,1.06033,1.06771,1.07553,1.08379,1.09249,1.10163,1.11123,1.12127,1.13176,1.14271,1.15411,1.16597,1.1783,1.19108,1.20432,1.21803,1.2322,1.24684,1.26195,1.27752,1.29355,1.31005,1.32701,1.34443,1.36231,1.38065,1.39944,1.41868,1.43836,1.45848,1.47903,1.5,1.52139,1.54319,1.56539,1.58797,1.61093,1.63425,1.65793,1.68193,1.70626,1.73089,1.75581,1.78099,1.80642,1.83207,1.85792,1.88395,1.91014,1.93646,1.96287,1.98936,2.0159,2.04244,2.06897,2.09546,2.12186,2.14814,2.17428
1,1.00021,1.00084,1.0019,1.00337,1.00527,1.0076,1.01035,1.01352,1.01712,1.02115,1.02561,1.03051,1.03583,1.0416,1.0478,1.05444,1.06152,1.06904,1.07702,1.08544,1.09432,1.10364,1.11343,1.12367,1.13438,1.14554,1.15718,1.16928,1.18185,1.19489,1.2084,1.22238,1.23684,1.25178,1.26718,1.28307,1.29942,1.31625,1.33355,1.35132,1.36956,1.38826,1.40742,1.42703,1.44709,1.4676,1.48854,1.50992,1.53171,1.55391,1.57652,1.59951,1.62289,1.64662,1.6707,1.69512,1.71985,1.74489,1.7702,1.79577,1.82158,1.84761,1.87382,1.90021,1.92673,1.95337,1.9801,2.00687,2.03368,2.06048,2.08724,2.11392,2.1405,2.16693,2.19319
1,1.00021,1.00086,1.00193,1.00344,1.00537,1.00774,1.01055,1.01378,1.01745,1.02156,1.02611,1.0311,1.03653,1.0424,1.04873,1.0555,1.06272,1.07039,1.07852,1.08711,1.09616,1.10568,1.11565,1.1261,1.13702,1.14841,1.16027,1.17262,1.18544,1.19874,1.21252,1.22678,1.24153,1.25676,1.27248,1.28867,1.30536,1.32252,1.34016,1.35828,1.37687,1.39594,1.41547,1.43546,1.45591,1.47681,1.49815,1.51992,1.54212,1.56473,1.58775,1.61115,1.63494,1.65908,1.68358,1.7084,1.73354,1.75897,1.78467,1.81063,1.83682,1.86321,1.88979,1.91651,1.94337,1.97032,1.99734,2.0244,2.05146,2.07849,2.10546,2.13233,2.15907,2.18563,2.21199
1,1.00022,1.00088,1.00197,1.0035,1.00548,1.00789,1.01075,1.01405,1.01779,1.02198,1.02661,1.0317,1.03723,1.04322,1.04967,1.05657,1.06393,1.07175,1.08004,1.0888,1.09803,1.10773,1.1179,1.12856,1.13969,1.1513,1.1634,1.17599,1.18906,1.20262,1.21668,1.23123,1.24626,1.2618,1.27782,1.29434,1.31135,1.32885,1.34683,1.36531,1.38426,1.4037,1.4236,1.44398,1.46481,1.4861,1.50784,1.53002,1.55262,1.57564,1.59907,1.62288,1.64708,1.67164,1.69654,1.72177,1.74731,1.77313,1.79923,1.82557,1.85213,1.87888,1.90581,1.93287,1.96004,1.9873,2.0146,2.04192,2.06923,2.09648,2.12364,2.15068,2.17756,2.20423,2.23066
1,1.00022,1.00089,1.00201,1.00357,1.00558,1.00804,1.01095,1.01431,1.01813,1.02239,1.02712,1.0323,1.03794,1.04405,1.05061,1.05765,1.06515,1.07313,1.08158,1.09051,1.09991,1.1098,1.12017,1.13103,1.14238,1.15423,1.16656,1.17939,1.19272,1.20655,1.22088,1.23571,1.25105,1.26688,1.28322,1.30006,1.3174,1.33524,1.35357,1.3724,1.39172,1.41153,1.43181,1.45257,1.4738,1.49548,1.51762,1.5402,1.56321,1.58664,1.61048,1.63471,1.65931,1.68428,1.70959,1.73522,1.76116,1.78738,1.81386,1.84058,1.8675,1.89461,1.92187,1.94926,1.97675,2.00429,2.03187,2.05944,2.08697,2.11443,2.14177,2.16896,2.19595,2.22271,2.2492
1,1.00023,1.00091,1.00205,1.00364,1.00569,1.00819,1.01116,1.01458,1.01847,1.02282,1.02763,1.03291,1.03866,1.04488,1.05157,1.05874,1.06639,1.07452,1.08313,1.09223,1.10181,1.11189,1.12247,1.13354,1.14511,1.15718,1.16975,1.18283,1.19642,1.21052,1.22513,1.24025,1.25588,1.27202,1.28867,1.30584,1.32351,1.34169,1.36038,1.37957,1.39925,1.41943,1.4401,1.46124,1.48286,1.50494,1.52748,1.55047,1.57389,1.59773,1.62198,1.64662,1.67163,1.69701,1.72272,1.74876,1.77509,1.8017,1.82856,1.85565,1.88293,1.91039,1.93799,1.96569,1.99347,2.0213,2.04914,2.07694,2.10469,2.13233,2.15983,2.18714,2.21423,2.24106,2.26758
1,1.00023,1.00093,1.00208,1.00371,1.00579,1.00835,1.01137,1.01485,1.01881,1.02324,1.02815,1.03353,1.03938,1.04572,1.05254,1.05984,1.06764,1.07592,1.08469,1.09397,1.10374,1.11401,1.12478,1.13606,1.14786,1.16016,1.17297,1.18631,1.20016,1.21453,1.22941,1.24482,1.26075,1.27721,1.29418,1.31167,1.32968,1.34821,1.36725,1.3868,1.40685,1.42741,1.44846,1.46999,1.49201,1.51449,1.53743,1.56082,1.58465,1.6089,1.63356,1.65862,1.68404,1.70982,1.73594,1.76238,1.7891,1.8161,1.84333,1.87078,1.89842,1.92622,1.95414,1.98215,2.01022,2.03831,2.06639,2.09442,2.12236,2.15017,2.17781,2.20523,2.2324,2.25926,2.28579
1,1.00024,1.00094,1.00212,1.00377,1.0059,1.0085,1.01158,1.01513,1.01916,1.02367,1.02867,1.03415,1.04011,1.04657,1.05352,1.06096,1.0689,1.07733,1.08627,1.09572,1.10568,1.11614,1.12712,1.13862,1.15063,1.16317,1.17623,1.18981,1.20393,1.21857,1.23374,1.24945,1.26568,1.28244,1.29974,1.31756,1.33591,1.35479,1.37419,1.3941,1.41453,1.43546,1.45689,1.47882,1.50123,1.52412,1.54746,1.57126,1.5955,1.62017,1.64524,1.6707,1.69653,1.72272,1.74924,1.77607,1.80319,1.83056,1.85817,1.88598,1.91396,1.94208,1.97032,1.99862,2.02697,2.05532,2.08363,2.11186,2.13998,2.16794,2.19569,2.2232,2.25042,2.27731,2.30381
1,1.00024,1.00096,1.00216,1.00384,1.00601,1.00866,1.01179,1.01541,1.01951,1.02411,1.02919,1.03477,1.04085,1.04743,1.0545,1.06208,1.07017,1.07876,1.08787,1.09749,1.10763,1.1183,1.12948,1.14119,1.15344,1.16621,1.17951,1.19336,1.20774,1.22266,1.23811,1.25411,1.27065,1.28773,1.30535,1.32351,1.34221,1.36143,1.38119,1.40147,1.42227,1.44359,1.46541,1.48773,1.51054,1.53382,1.55758,1.58179,1.60644,1.63151,1.65699,1.68287,1.70911,1.7357,1.76262,1.78984,1.81734,1.84509,1.87306,1.90122,1.92954,1.95798,1.98652,2.01511,2.04372,2.07231,2.10084,2.12926,2.15754,2.18563,2.21348,2.24105,2.2683,2.29518,2.32164
1,1.00024,1.00098,1.0022,1.00391,1.00612,1.00881,1.012,1.01569,1.01987,1.02455,1.02973,1.03541,1.04159,1.04829,1.0555,1.06321,1.07145,1.0802,1.08948,1.09928,1.10961,1.12047,1.13186,1.1438,1.15627,1.16928,1.18283,1.19693,1.21158,1.22678,1.24253,1.25883,1.27567,1.29307,1.31102,1.32952,1.34855,1.36814,1.38825,1.40891,1.43008,1.45178,1.47399,1.49671,1.51992,1.54361,1.56777,1.59239,1.61745,1.64294,1.66883,1.69511,1.72176,1.74876,1.77607,1.80368,1.83156,1.85968,1.888,1.91651,1.94516,1.97391,2.00274,2.03161,2.06047,2.08928,2.11801,2.1466,2.17502,2.20322,2.23115,2.25877,2.28602,2.31287,2.33925
1,1.00025,1.00099,1.00224,1.00398,1.00623,1.00897,1.01222,1.01597,1.02022,1.02499,1.03026,1.03605,1.04235,1.04916,1.0565,1.06436,1.07275,1.08166,1.09111,1.10109,1.11161,1.12267,1.13427,1.14642,1.15912,1.17238,1.18618,1.20054,1.21546,1.23094,1.24698,1.26358,1.28074,1.29846,1.31674,1.33558,1.35496,1.3749,1.39538,1.41641,1.43797,1.46005,1.48266,1.50577,1.52938,1.55348,1.57805,1.60308,1.62855,1.65445,1.68075,1.70744,1.73449,1.76189,1.78959,1.81759,1.84584,1.87432,1.903,1.93184,1.96081,1.98986,2.01898,2.0481,2.0772,2.10622,2.13513,2.16388,2.19242,2.22071,2.2487,2.27633,2.30357,2.33035,2.35664
1,1.00025,1.00101,1.00228,1.00405,1.00634,1.00913,1.01244,1.01625,1.02058,1.02543,1.0308,1.03669,1.0431,1.05004,1.05751,1.06552,1.07405,1.08313,1.09275,1.10291,1.11362,1.12488,1.1367,1.14907,1.16201,1.1755,1.18956,1.20419,1.21938,1.23515,1.25148,1.26839,1.28586,1.3039,1.32252,1.34169,1.36143,1.38173,1.40258,1.42398,1.44592,1.46839,1.49139,1.5149,1.53892,1.56342,1.5884,1.61385,1.63973,1.66604,1.69275,1.71985,1.7473,1.77509,1.80318,1.83156,1.86018,1.88902,1.91804,1.9472,1.97648,2.00583,2.03521,2.06458,2.0939,2.12312,2.1522,2.18108,2.20973,2.23808,2.2661,2.29374,2.32093,2.34763,2.37378
1,1.00026,1.00103,1.00232,1.00413,1.00645,1.00929,1.01265,1.01654,1.02095,1.02588,1.03135,1.03734,1.04387,1.05093,1.05854,1.06668,1.07537,1.08461,1.0944,1.10475,1.11565,1.12712,1.13915,1.15175,1.16492,1.17866,1.19298,1.20787,1.22334,1.23939,1.25602,1.27323,1.29103,1.3094,1.32834,1.34786,1.36796,1.38862,1.40984,1.43162,1.45394,1.47681,1.5002,1.52411,1.54853,1.57345,1.59884,1.62469,1.65099,1.67771,1.70483,1.73233,1.76018,1.78836,1.81684,1.84559,1.87457,1.90376,1.93312,1.9626,1.99218,2.02181,2.05145,2.08105,2.11058,2.13997,2.1692,2.1982,2.22693,2.25533,2.28336,2.31096,2.33808,2.36467,2.39067
1,1.00026,1.00105,1.00236,1.0042,1.00656,1.00945,1.01288,1.01683,1.02132,1.02634,1.0319,1.038,1.04464,1.05183,1.05957,1.06786,1.0767,1.08611,1.09607,1.10661,1.11771,1.12938,1.14163,1.15445,1.16786,1.18185,1.19642,1.21158,1.22733,1.24367,1.2606,1.27813,1.29624,1.31494,1.33422,1.35409,1.37454,1.39557,1.41716,1.43932,1.46203,1.48529,1.50908,1.5334,1.55822,1.58355,1.60935,1.63561,1.66232,1.68945,1.71698,1.74488,1.77313,1.8017,1.83056,1.85967,1.88901,1.91855,1.94823,1.97802,2.00789,2.03779,2.06767,2.09749,2.12721,2.15677,2.18612,2.21522,2.24401,2.27244,2.30045,2.328,2.35502,2.38147,2.40728
1,1.00027,1.00107,1.0024,1.00427,1.00668,1.00962,1.0131,1.01712,1.02169,1.0268,1.03245,1.03866,1.04542,1.05273,1.06061,1.06904,1.07805,1.08762,1.09776,1.10848,1.11978,1.13166,1.14412,1.15718,1.17082,1.18506,1.1999,1.21533,1.23136,1.248,1.26523,1.28306,1.3015,1.32053,1.34016,1.36038,1.38119,1.40258,1.42455,1.44709,1.47019,1.49384,1.51803,1.54275,1.56799,1.59372,1.61994,1.64661,1.67373,1.70127,1.7292,1.7575,1.78614,1.8151,1.84433,1.87381,1.9035,1.93337,1.96337,1.99347,2.02361,2.05377,2.08388,2.1139,2.1438,2.1735,2.20296,2.23214,2.26097,2.2894,2.31737,2.34484,2.37173,2.39801,2.42361
1,1.00027,1.00108,1.00244,1.00434,1.00679,1.00978,1.01333,1.01742,1.02206,1.02726,1.03301,1.03933,1.0462,1.05365,1.06166,1.07024,1.0794,1.08914,1.09946,1.11037,1.12187,1.13396,1.14664,1.15993,1.17381,1.18831,1.20341,1.21911,1.23543,1.25236,1.2699,1.28805,1.3068,1.32617,1.34614,1.36672,1.38789,1.40965,1.432,1.45492,1.47841,1.50246,1.52706,1.55218,1.57783,1.60397,1.6306,1.65768,1.68521,1.71315,1.74149,1.77019,1.79922,1.82855,1.85816,1.888,1.91803,1.94823,1.97854,2.00892,2.03933,2.06973,2.10006,2.13027,2.16032,2.19015,2.21971,2.24894,2.27778,2.30619,2.3341,2.36146,2.3882,2.41428,2.43963
1,1.00028,1.0011,1.00248,1.00442,1.00691,1.00995,1.01355,1.01771,1.02244,1.02772,1.03358,1.04,1.047,1.05457,1.06272,1.07145,1.08077,1.09068,1.10118,1.11228,1.12397,1.13628,1.14918,1.1627,1.17683,1.19158,1.20695,1.22293,1.23953,1.25676,1.2746,1.29307,1.31216,1.33186,1.35218,1.37311,1.39465,1.41678,1.43951,1.46282,1.48671,1.51116,1.53615,1.56169,1.58774,1.61429,1.64133,1.66883,1.69677,1.72511,1.75385,1.78294,1.81236,1.84207,1.87204,1.90223,1.9326,1.96311,1.99372,2.02438,2.05505,2.08568,2.11621,2.14659,2.17678,2.20672,2.23635,2.26561,2.29445,2.32281,2.35063,2.37785,2.40442,2.43027,2.45534
1,1.00028,1.00112,1.00253,1.00449,1.00702,1.01012,1.01378,1.01801,1.02282,1.02819,1.03415,1.04068,1.0478,1.0555,1.06379,1.07267,1.08215,1.09223,1.10291,1.1142,1.1261,1.13862,1.15175,1.1655,1.17988,1.19489,1.21052,1.22678,1.24367,1.2612,1.27936,1.29814,1.31756,1.33761,1.35828,1.37956,1.40147,1.42398,1.44709,1.47079,1.49507,1.51992,1.54532,1.57126,1.59772,1.62469,1.65214,1.68005,1.70839,1.73714,1.76628,1.79576,1.82556,1.85564,1.88597,1.9165,1.9472,1.97802,2.00892,2.03985,2.07076,2.1016,2.13232,2.16286,2.19317,2.22319,2.25287,2.28215,2.31096,2.33924,2.36695,2.39401,2.42036,2.44595,2.47072
1,1.00028,1.00114,1.00257,1.00457,1.00714,1.01029,1.01401,1.01832,1.0232,1.02867,1.03472,1.04137,1.0486,1.05643,1.06486,1.0739,1.08354,1.09379,1.10466,1.11614,1.12825,1.14098,1.15434,1.16833,1.18296,1.19822,1.21412,1.23067,1.24785,1.26568,1.28415,1.30326,1.32301,1.3434,1.36442,1.38607,1.40834,1.43123,1.45473,1.47882,1.50349,1.52874,1.55455,1.5809,1.60778,1.63515,1.66301,1.69133,1.72008,1.74924,1.77876,1.80863,1.83881,1.86926,1.89994,1.93081,1.96183,1.99295,2.02413,2.05531,2.08645,2.11749,2.14838,2.17906,2.20947,2.23956,2.26927,2.29853,2.32729,2.35548,2.38304,2.40991,2.43602,2.46132,2.48575
1,1.00029,1.00116,1.00261,1.00464,1.00726,1.01046,1.01425,1.01862,1.02359,1.02915,1.0353,1.04206,1.04941,1.05738,1.06595,1.07514,1.08494,1.09537,1.10642,1.1181,1.13041,1.14336,1.15695,1.17118,1.18606,1.20158,1.21776,1.23459,1.25207,1.2702,1.28898,1.30842,1.32851,1.34924,1.37062,1.39263,1.41528,1.43854,1.46243,1.48691,1.51199,1.53764,1.56386,1.59062,1.6179,1.64569,1.67396,1.70269,1.73184,1.76139,1.79131,1.82157,1.85212,1.88292,1.91395,1.94515,1.97648,2.00789,2.03933,2.07076,2.10211,2.13334,2.16438,2.19518,2.22568,2.25582,2.28553,2.31476,2.34344,2.3715,2.39889,2.42554,2.45139,2.47637,2.50042
1,1.00029,1.00118,1.00265,1.00472,1.00738,1.01063,1.01448,1.01893,1.02398,1.02963,1.03589,1.04275,1.05023,1.05833,1.06705,1.07639,1.08636,1.09696,1.1082,1.12007,1.1326,1.14576,1.15958,1.17406,1.18919,1.20498,1.22143,1.23854,1.25632,1.27476,1.29386,1.31363,1.33405,1.35514,1.37687,1.39925,1.42227,1.44592,1.47019,1.49507,1.52054,1.5466,1.57323,1.6004,1.62809,1.65629,1.68497,1.71411,1.74366,1.77361,1.80392,1.83455,1.86547,1.89663,1.92799,1.95952,1.99115,2.02284,2.05453,2.08619,2.11774,2.14914,2.18032,2.21122,2.24178,2.27195,2.30165,2.33081,2.35939,2.3873,2.41449,2.44089,2.46644,2.49107,2.51473
1,1.0003,1.0012,1.0027,1.0048,1.0075,1.01081,1.01472,1.01924,1.02437,1.03012,1.03648,1.04346,1.05106,1.05929,1.06815,1.07765,1.08779,1.09857,1.10999,1.12207,1.1348,1.14819,1.16224,1.17696,1.19234,1.2084,1.22513,1.24253,1.26061,1.27936,1.29878,1.31888,1.33965,1.36108,1.38317,1.40592,1.42932,1.45335,1.47801,1.50329,1.52917,1.55563,1.58266,1.61024,1.63835,1.66697,1.69605,1.72559,1.75555,1.78589,1.81659,1.84759,1.87887,1.91038,1.94207,1.9739,2.00583,2.03778,2.06973,2.1016,2.13333,2.16488,2.19618,2.22717,2.25778,2.28794,2.3176,2.34669,2.37513,2.40287,2.42983,2.45596,2.48118,2.50542,2.52864
1,1.0003,1.00122,1.00274,1.00488,1.00762,1.01098,1.01496,1.01955,1.02477,1.03061,1.03707,1.04417,1.05189,1.06026,1.06927,1.07892,1.08923,1.10018,1.1118,1.12408,1.13702,1.15063,1.16492,1.17988,1.19553,1.21185,1.22886,1.24655,1.26493,1.28399,1.30374,1.32417,1.34529,1.36707,1.38953,1.41265,1.43642,1.46084,1.4859,1.51157,1.53785,1.56472,1.59217,1.62016,1.64868,1.6777,1.7072,1.73714,1.7675,1.79823,1.8293,1.86068,1.89231,1.92416,1.95618,1.98831,2.02051,2.05273,2.0849,2.11697,2.14888,2.18057,2.21197,2.24302,2.27365,2.3038,2.33339,2.36237,2.39066,2.41819,2.4449,2.47071,2.49557,2.51941,2.54216
1,1.00031,1.00124,1.00279,1.00495,1.00774,1.01116,1.0152,1.01987,1.02517,1.0311,1.03767,1.04488,1.05274,1.06124,1.07039,1.08021,1.09068,1.10182,1.11362,1.1261,1.13926,1.1531,1.16762,1.18283,1.19874,1.21533,1.23262,1.25061,1.26929,1.28867,1.30875,1.32951,1.35097,1.37311,1.39593,1.41943,1.44358,1.46839,1.49384,1.51992,1.5466,1.57388,1.60174,1.63014,1.65907,1.6885,1.71841,1.74875,1.7795,1.81062,1.84207,1.87381,1.90579,1.93797,1.9703,2.00273,2.03521,2.06767,2.10006,2.13231,2.16438,2.19618,2.22767,2.25876,2.28939,2.3195,2.34901,2.37785,2.40595,2.43325,2.45967,2.48515,2.50962,2.53301,2.55526
1,1.00031,1.00126,1.00283,1.00503,1.00787,1.01134,1.01544,1.02019,1.02557,1.0316,1.03827,1.0456,1.05358,1.06222,1.07153,1.0815,1.09214,1.10346,1.11546,1.12815,1.14152,1.15559,1.17035,1.18581,1.20197,1.21884,1.23642,1.2547,1.27369,1.29339,1.31379,1.3349,1.35671,1.37921,1.40239,1.42626,1.4508,1.476,1.50185,1.52832,1.55542,1.5831,1.61137,1.64018,1.66953,1.69937,1.72968,1.76042,1.79156,1.82306,1.85488,1.88698,1.91931,1.95181,1.98445,2.01716,2.0499,2.08259,2.11518,2.14761,2.17981,2.21172,2.24326,2.27438,2.30499,2.33503,2.36443,2.39311,2.42101,2.44804,2.47415,2.49926,2.52331,2.54622,2.56793
1,1.00032,1.00128,1.00287,1.00511,1.00799,1.01152,1.01569,1.02051,1.02598,1.0321,1.03888,1.04633,1.05444,1.06322,1.07267,1.0828,1.09362,1.10512,1.11732,1.13021,1.1438,1.15809,1.1731,1.18881,1.20524,1.22238,1.24025,1.25883,1.27813,1.29815,1.31888,1.34033,1.36249,1.38535,1.4089,1.43315,1.45808,1.48367,1.50991,1.53679,1.56429,1.59239,1.62106,1.65029,1.68004,1.71029,1.741,1.77214,1.80367,1.83555,1.86774,1.90019,1.93285,1.96568,1.99861,2.0316,2.06458,2.09749,2.13027,2.16285,2.19518,2.22717,2.25876,2.28987,2.32044,2.35039,2.37965,2.40815,2.43581,2.46255,2.48832,2.51303,2.53662,2.55902,2.58017
1,1.00032,1.0013,1.00292,1.00519,1.00812,1.0117,1.01593,1.02083,1.02639,1.03261,1.0395,1.04706,1.0553,1.06422,1.07382,1.08412,1.09511,1.10679,1.11919,1.13228,1.1461,1.16062,1.17587,1.19184,1.20853,1.22595,1.24411,1.26299,1.2826,1.30294,1.32401,1.3458,1.36831,1.39154,1.41547,1.44009,1.46541,1.49139,1.51803,1.54532,1.57323,1.60174,1.63082,1.66046,1.69062,1.72128,1.75239,1.78392,1.81584,1.84809,1.88064,1.91344,1.94643,1.97956,2.01278,2.04603,2.07924,2.11236,2.14532,2.17804,2.21047,2.24252,2.27413,2.30523,2.33573,2.36557,2.39467,2.42295,2.45034,2.47677,2.50216,2.52644,2.54954,2.5714,2.59196
1,1.00033,1.00132,1.00297,1.00527,1.00825,1.01188,1.01618,1.02115,1.0268,1.03312,1.04012,1.0478,1.05617,1.06523,1.07499,1.08544,1.09661,1.10848,1.12107,1.13438,1.14841,1.16317,1.17866,1.19489,1.21185,1.22955,1.248,1.26718,1.28711,1.30778,1.32918,1.35132,1.37419,1.39778,1.42208,1.44709,1.47279,1.49917,1.52622,1.55391,1.58222,1.61114,1.64064,1.67069,1.70126,1.73232,1.76383,1.79576,1.82805,1.86068,1.89358,1.92672,1.96003,1.99346,2.02696,2.06046,2.09389,2.1272,2.16032,2.19317,2.22568,2.25778,2.28939,2.32044,2.35086,2.38056,2.40946,2.4375,2.4646,2.49068,2.51566,2.53948,2.56207,2.58336,2.60328
1,1.00033,1.00134,1.00301,1.00536,1.00837,1.01206,1.01643,1.02148,1.02721,1.03363,1.04074,1.04854,1.05704,1.06625,1.07616,1.08678,1.09812,1.11018,1.12297,1.13649,1.15075,1.16574,1.18148,1.19797,1.2152,1.23318,1.25192,1.27141,1.29166,1.31265,1.33439,1.35688,1.38011,1.40406,1.42875,1.45414,1.48023,1.50701,1.53446,1.56256,1.59128,1.62061,1.65052,1.68098,1.71196,1.74342,1.77533,1.80764,1.84031,1.8733,1.90656,1.94002,1.97365,2.00737,2.04113,2.07487,2.10852,2.14201,2.17526,2.20822,2.24079,2.27292,2.30451,2.3355,2.3658,2.39534,2.42403,2.4518,2.47857,2.50427,2.52882,2.55215,2.57419,2.59487,2.61413
1,1.00034,1.00136,1.00306,1.00544,1.0085,1.01225,1.01669,1.02181,1.02763,1.03415,1.04137,1.04929,1.05792,1.06727,1.07734,1.08813,1.09965,1.1119,1.12489,1.13862,1.1531,1.16833,1.18432,1.20107,1.21857,1.23684,1.25588,1.27568,1.29624,1.31757,1.33965,1.36249,1.38607,1.4104,1.43546,1.46124,1.48773,1.5149,1.54276,1.57126,1.6004,1.63014,1.66046,1.69133,1.72272,1.75458,1.78688,1.81957,1.85262,1.88597,1.91956,1.95335,1.98728,2.02129,2.05531,2.08927,2.12311,2.15676,2.19015,2.22319,2.25581,2.28794,2.3195,2.35039,2.38056,2.4099,2.43835,2.46583,2.49225,2.51754,2.54162,2.56443,2.58589,2.60593,2.62449
1,1.00034,1.00138,1.0031,1.00552,1.00863,1.01244,1.01694,1.02215,1.02806,1.03467,1.042,1.05005,1.05881,1.06831,1.07853,1.08948,1.10118,1.11363,1.12682,1.14077,1.15547,1.17095,1.18718,1.20419,1.22198,1.24053,1.25987,1.27998,1.30086,1.32252,1.34495,1.36814,1.39209,1.41679,1.44223,1.4684,1.49528,1.52285,1.55111,1.58003,1.60957,1.63973,1.67046,1.70174,1.73353,1.76579,1.79848,1.83155,1.86497,1.89867,1.9326,1.96671,2.00093,2.03521,2.06947,2.10365,2.13767,2.17147,2.20496,2.23808,2.27073,2.30284,2.33433,2.36512,2.39511,2.42425,2.45243,2.47957,2.50561,2.53046,2.55405,2.5763,2.59715,2.61652,2.63436
1,1.00035,1.0014,1.00315,1.0056,1.00876,1.01263,1.0172,1.02248,1.02848,1.0352,1.04264,1.05081,1.05971,1.06935,1.07973,1.09085,1.10273,1.11537,1.12877,1.14293,1.15787,1.17358,1.19007,1.20735,1.22541,1.24425,1.26389,1.28431,1.30552,1.32751,1.35028,1.37383,1.39815,1.42322,1.44904,1.4756,1.50288,1.53086,1.55952,1.58885,1.61881,1.64937,1.68052,1.7122,1.74439,1.77705,1.81012,1.84358,1.87735,1.9114,1.94566,1.98008,2.01459,2.04912,2.08362,2.118,2.15219,2.18612,2.2197,2.25287,2.28553,2.3176,2.34901,2.37965,2.40946,2.43835,2.46624,2.49303,2.51866,2.54304,2.5661,2.58777,2.60797,2.62664,2.64372
1,1.00035,1.00142,1.0032,1.00569,1.00889,1.01282,1.01746,1.02282,1.02891,1.03573,1.04328,1.05158,1.06061,1.0704,1.08094,1.09223,1.10429,1.11712,1.13073,1.14511,1.16028,1.17623,1.19298,1.21052,1.22886,1.248,1.26794,1.28868,1.31021,1.33254,1.35566,1.37957,1.40425,1.4297,1.45591,1.48286,1.51054,1.53892,1.56799,1.59773,1.6281,1.65908,1.69063,1.72272,1.75531,1.78836,1.82182,1.85564,1.88977,1.92416,1.95875,1.99346,2.02825,2.06303,2.09775,2.13231,2.16666,2.2007,2.23436,2.26756,2.30021,2.33222,2.36351,2.394,2.4236,2.45222,2.47978,2.50619,2.53138,2.55526,2.57776,2.59881,2.61834,2.63628,2.65257
1,1.00036,1.00144,1.00325,1.00577,1.00903,1.01301,1.01772,1.02316,1.02934,1.03626,1.04393,1.05235,1.06152,1.07146,1.08215,1.09362,1.10587,1.11889,1.13271,1.14731,1.16271,1.17891,1.19592,1.21373,1.23235,1.25178,1.27202,1.29308,1.31494,1.33761,1.36109,1.38535,1.41041,1.43624,1.46283,1.49017,1.51825,1.54704,1.57652,1.60666,1.63744,1.66883,1.70079,1.73329,1.76628,1.79972,1.83356,1.86775,1.90223,1.93695,1.97185,2.00686,2.04191,2.07693,2.11185,2.14659,2.18107,2.21522,2.24893,2.28214,2.31476,2.34669,2.37785,2.40815,2.43751,2.46583,2.49303,2.51903,2.54375,2.5671,2.58902,2.60942,2.62824,2.64541,2.66089
1,1.00037,1.00146,1.00329,1.00586,1.00916,1.0132,1.01798,1.0235,1.02978,1.0368,1.04459,1.05313,1.06244,1.07252,1.08338,1.09502,1.10745,1.12068,1.1347,1.14953,1.16516,1.18161,1.19887,1.21696,1.23586,1.25559,1.27614,1.29752,1.31971,1.34272,1.36655,1.39118,1.4166,1.44281,1.4698,1.49754,1.52601,1.55521,1.5851,1.61565,1.64685,1.67865,1.71101,1.74391,1.7773,1.81112,1.84534,1.87989,1.91472,1.94977,1.98497,2.02026,2.05557,2.09081,2.12593,2.16083,2.19543,2.22965,2.26341,2.29661,2.32917,2.36099,2.392,2.42209,2.45118,2.47918,2.506,2.53156,2.55577,2.57857,2.59986,2.61958,2.63767,2.65405,2.66867
1,1.00037,1.00148,1.00334,1.00594,1.00929,1.01339,1.01824,1.02385,1.03022,1.03735,1.04524,1.05391,1.06336,1.0736,1.08462,1.09643,1.10905,1.12247,1.13671,1.15176,1.16763,1.18433,1.20185,1.22021,1.2394,1.25943,1.28029,1.30199,1.32452,1.34787,1.37205,1.39705,1.42285,1.44944,1.47681,1.50495,1.53383,1.56343,1.59373,1.6247,1.6563,1.68851,1.72129,1.75458,1.78836,1.82257,1.85715,1.89206,1.92723,1.9626,1.9981,2.03366,2.06921,2.10468,2.13997,2.17501,2.20972,2.24401,2.27778,2.31095,2.34343,2.37513,2.40595,2.43581,2.4646,2.49225,2.51866,2.54375,2.56744,2.58964,2.61028,2.6293,2.64661,2.66217,2.67592
1,1.00038,1.00151,1.00339,1.00603,1.00943,1.01359,1.01851,1.0242,1.03066,1.03789,1.04591,1.05471,1.06429,1.07468,1.08586,1.09786,1.11066,1.12429,1.13873,1.15401,1.17012,1.18707,1.20485,1.22349,1.24297,1.2633,1.28447,1.30649,1.32936,1.35306,1.3776,1.40296,1.42914,1.45611,1.48388,1.51241,1.5417,1.57171,1.60242,1.63379,1.66581,1.69843,1.73161,1.76531,1.79947,1.83406,1.86901,1.90427,1.93977,1.97545,2.01124,2.04707,2.08285,2.11851,2.15397,2.18914,2.22394,2.25827,2.29204,2.32517,2.35755,2.38909,2.41971,2.4493,2.47777,2.50504,2.53101,2.5556,2.57873,2.60031,2.62027,2.63855,2.65507,2.66977,2.68261
1,1.00038,1.00153,1.00344,1.00612,1.00957,1.01379,1.01878,1.02455,1.0311,1.03844,1.04658,1.0555,1.06523,1.07577,1.08712,1.09929,1.11229,1.12611,1.14077,1.15628,1.17263,1.18983,1.20788,1.22679,1.24656,1.26719,1.28868,1.31103,1.33424,1.35829,1.38319,1.40892,1.43547,1.46284,1.49099,1.51993,1.54962,1.58004,1.61116,1.64295,1.67537,1.7084,1.74198,1.77607,1.81063,1.84559,1.8809,1.91651,1.95233,1.98832,2.02439,2.06046,2.09647,2.13232,2.16793,2.20321,2.23808,2.27244,2.30619,2.33924,2.3715,2.40287,2.43325,2.46255,2.49068,2.51754,2.54304,2.56711,2.58964,2.61057,2.62982,2.64733,2.66302,2.67684,2.68874
1,1.00039,1.00155,1.00349,1.00621,1.0097,1.01398,1.01905,1.0249,1.03155,1.039,1.04725,1.05631,1.06618,1.07687,1.08839,1.10073,1.11392,1.12795,1.14283,1.15856,1.17515,1.19261,1.21093,1.23012,1.25018,1.27112,1.29293,1.31561,1.33915,1.36355,1.38881,1.41492,1.44185,1.4696,1.49816,1.52749,1.55759,1.58842,1.61995,1.65215,1.68499,1.71842,1.7524,1.78689,1.82183,1.85716,1.89283,1.92877,1.96492,2.0012,2.03753,2.07385,2.11006,2.14609,2.18184,2.21722,2.25213,2.2865,2.32021,2.35317,2.38528,2.41645,2.44658,2.47556,2.50331,2.52974,2.55474,2.57825,2.60016,2.62041,2.63892,2.65563,2.67046,2.68338,2.69431
1,1.00039,1.00157,1.00354,1.0063,1.00984,1.01418,1.01932,1.02526,1.032,1.03956,1.04793,1.05711,1.06713,1.07798,1.08966,1.10219,1.11557,1.1298,1.1449,1.16086,1.1777,1.19541,1.214,1.23348,1.25383,1.27508,1.29721,1.32021,1.3441,1.36886,1.39448,1.42096,1.44827,1.47642,1.50537,1.53511,1.56561,1.59685,1.62879,1.6614,1.69465,1.72849,1.76287,1.79775,1.83306,1.86876,1.90478,1.94106,1.97751,2.01408,2.05068,2.08722,2.12363,2.15982,2.19569,2.23115,2.2661,2.30045,2.3341,2.36695,2.39889,2.42983,2.45968,2.48832,2.51567,2.54163,2.56611,2.58902,2.61028,2.62982,2.64757,2.66344,2.67739,2.68937,2.69931
1,1.0004,1.00159,1.00359,1.00638,1.00998,1.01438,1.0196,1.02562,1.03246,1.04012,1.04861,1.05793,1.06809,1.07909,1.09094,1.10365,1.11723,1.13167,1.14699,1.16318,1.18026,1.19823,1.2171,1.23686,1.25751,1.27907,1.30151,1.32486,1.34909,1.3742,1.40019,1.42704,1.45474,1.48328,1.51263,1.54277,1.57368,1.60533,1.63769,1.67071,1.70436,1.73861,1.77338,1.80865,1.84434,1.8804,1.91677,1.95337,1.99013,2.02697,2.06381,2.10058,2.13717,2.1735,2.20948,2.245,2.27997,2.31429,2.34785,2.38056,2.41231,2.44301,2.47254,2.50081,2.52773,2.55319,2.57712,2.59941,2.62,2.6388,2.65574,2.67076,2.6838,2.69481,2.70374
1,1.0004,1.00162,1.00364,1.00647,1.01012,1.01459,1.01987,1.02598,1.03292,1.04069,1.0493,1.05875,1.06905,1.08021,1.09224,1.10513,1.1189,1.13355,1.14909,1.16552,1.18285,1.20108,1.22022,1.24026,1.26122,1.28308,1.30586,1.32953,1.35411,1.37958,1.40594,1.43317,1.46126,1.49019,1.51994,1.55048,1.5818,1.61386,1.64663,1.68006,1.71413,1.74877,1.78394,1.81959,1.85566,1.89207,1.92878,1.96569,2.00275,2.03986,2.07694,2.11391,2.15067,2.18713,2.2232,2.25876,2.29373,2.328,2.36146,2.39401,2.42554,2.45596,2.48515,2.51303,2.53949,2.56443,2.58777,2.60942,2.6293,2.64733,2.66344,2.67758,2.68968,2.69969,2.70759
1,1.00041,1.00164,1.00369,1.00657,1.01026,1.01479,1.02015,1.02634,1.03338,1.04126,1.04999,1.05958,1.07003,1.08135,1.09354,1.10662,1.12058,1.13544,1.15121,1.16787,1.18545,1.20395,1.22336,1.24369,1.26495,1.28713,1.31023,1.33424,1.35917,1.38501,1.41173,1.43934,1.46782,1.49714,1.52729,1.55825,1.58997,1.62245,1.65562,1.68947,1.72394,1.75898,1.79454,1.83057,1.867,1.90377,1.94081,1.97804,2.01538,2.05274,2.09005,2.12722,2.16413,2.20071,2.23685,2.27244,2.30739,2.34158,2.37491,2.40728,2.43857,2.46868,2.49752,2.52497,2.55094,2.57533,2.59806,2.61903,2.63817,2.65541,2.67066,2.68388,2.69502,2.70402,2.71085
1,1.00042,1.00166,1.00374,1.00666,1.01041,1.015,1.02043,1.02671,1.03384,1.04183,1.05069,1.06041,1.07101,1.08249,1.09485,1.10812,1.12228,1.13735,1.15334,1.17024,1.18807,1.20683,1.22652,1.24715,1.26871,1.2912,1.31463,1.33899,1.36427,1.39046,1.41756,1.44555,1.47442,1.50414,1.53469,1.56606,1.59819,1.63108,1.66467,1.69892,1.73379,1.76923,1.80518,1.84159,1.87839,1.9155,1.95286,1.99039,2.02801,2.06562,2.10315,2.14049,2.17755,2.21423,2.25042,2.28602,2.32092,2.35502,2.3882,2.42036,2.45139,2.48118,2.50962,2.53662,2.56208,2.58589,2.60797,2.62824,2.64662,2.66302,2.6774,2.68968,2.69982,2.70778,2.71352
1,1.00042,1.00169,1.00379,1.00675,1.01055,1.0152,1.02071,1.02708,1.03431,1.04241,1.05139,1.06125,1.07199,1.08363,1.09618,1.10963,1.12399,1.13928,1.15549,1.17263,1.19072,1.20974,1.22971,1.25063,1.2725,1.29531,1.31907,1.34377,1.3694,1.39596,1.42344,1.45181,1.48107,1.51118,1.54214,1.57391,1.60646,1.63976,1.67376,1.70842,1.74369,1.77953,1.81587,1.85264,1.8898,1.92725,1.96493,2.00276,2.04064,2.07849,2.11622,2.15373,2.19092,2.22768,2.26391,2.2995,2.33434,2.36832,2.40133,2.43326,2.46399,2.49343,2.52146,2.54797,2.57288,2.59609,2.6175,2.63704,2.65462,2.67017,2.68363,2.69495,2.70407,2.71097,2.7156
1,1.00043,1.00171,1.00385,1.00684,1.01069,1.01541,1.021,1.02745,1.03478,1.043,1.0521,1.06209,1.07299,1.08479,1.09751,1.11115,1.12571,1.14121,1.15765,1.17504,1.19338,1.21267,1.23293,1.25414,1.27631,1.29945,1.32354,1.34858,1.37457,1.4015,1.42935,1.45811,1.48776,1.51827,1.54964,1.58182,1.61478,1.64848,1.68289,1.71796,1.75364,1.78987,1.82659,1.86373,1.90124,1.93903,1.97702,2.01513,2.05327,2.09135,2.12927,2.16693,2.20423,2.24106,2.27731,2.31287,2.34762,2.38147,2.41428,2.44595,2.47637,2.50543,2.53301,2.55902,2.58336,2.60593,2.62664,2.64542,2.66217,2.67684,2.68937,2.69969,2.70778,2.71358,2.71709
1,1.00043,1.00173,1.0039,1.00693,1.01084,1.01562,1.02128,1.02783,1.03526,1.04358,1.05281,1.06294,1.07399,1.08596,1.09885,1.11268,1.12745,1.14316,1.15983,1.17746,1.19606,1.21562,1.23616,1.25767,1.28016,1.30361,1.32804,1.35343,1.37978,1.40707,1.4353,1.46445,1.49449,1.52541,1.55718,1.58977,1.62314,1.65726,1.69208,1.72755,1.76362,1.80024,1.83734,1.87485,1.91271,1.95082,1.98911,2.0275,2.06589,2.10418,2.14228,2.18008,2.21748,2.25436,2.29061,2.32612,2.36077,2.39446,2.42705,2.45844,2.48852,2.51717,2.54428,2.56976,2.5935,2.6154,2.63539,2.65337,2.66927,2.68304,2.6946,2.70391,2.71093,2.71563,2.71798
1,1.00044,1.00176,1.00395,1.00703,1.01099,1.01583,1.02157,1.0282,1.03574,1.04418,1.05353,1.0638,1.075,1.08713,1.1002,1.11422,1.12919,1.14513,1.16203,1.17991,1.19876,1.2186,1.23942,1.26123,1.28403,1.30781,1.33257,1.35831,1.38502,1.41268,1.44129,1.47083,1.50127,1.53259,1.56477,1.59776,1.63155,1.66608,1.7013,1.73718,1.77365,1.81066,1.84813,1.886,1.9242,1.96263,2.00122,2.03988,2.0785,2.117,2.15526,2.19319,2.23066,2.26758,2.30381,2.33925,2.37378,2.40728,2.43963,2.47072,2.50042,2.52864,2.55526,2.58017,2.60328,2.62449,2.64372,2.66089,2.67592,2.68874,2.69931,2.70759,2.71352,2.71709,2.71828
