0,3.90115e-07,7.84328e-07,1.18249e-06,1.58443e-06,1.98997e-06,2.39889e-06,2.81095e-06,3.2259e-06,3.64346e-06,4.06332e-06,4.48517e-06,4.90864e-06,5.33336e-06,5.75894e-06,6.18494e-06,6.61093e-06,7.03642e-06,7.46092e-06,7.8839e-06,8.30483e-06,8.72312e-06,9.1382e-06,9.54943e-06,9.95618e-06,1.03578e-05,1.07536e-05,1.11428e-05,1.15248e-05,1.18988e-05,1.2264e-05,1.26196e-05,1.29648e-05,1.32989e-05,1.36209e-05,1.393e-05,1.42253e-05,1.45059e-05,1.47708e-05,1.50193e-05,1.52503e-05,1.54628e-05,1.56559e-05,1.58285e-05,1.59797e-05,1.61083e-05,1.62134e-05,1.62938e-05,1.63484e-05,1.63761e-05,1.63757e-05,1.6346e-05,1.62856e-05,1.61933e-05,1.60677e-05,1.59074e-05,1.57108e-05,1.54763e-05,1.52021e-05,1.48863e-05,1.45269e-05,1.41215e-05,1.36676e-05,1.31623e-05,1.26021e-05,1.1983e-05,1.13003e-05,1.0548e-05,9.71843e-06,8.80172e-06,7.784e-06,6.64525e-06,5.3549e-06,3.86454e-06,2.10114e-06,0
0,3.97994e-07,8.00315e-07,1.20682e-06,1.61733e-06,2.03167e-06,2.44961e-06,2.87092e-06,3.29535e-06,3.72259e-06,4.15235e-06,4.58428e-06,5.01802e-06,5.45319e-06,5.88937e-06,6.32613e-06,6.76299e-06,7.19947e-06,7.63505e-06,8.06918e-06,8.50129e-06,8.93079e-06,9.35706e-06,9.77946e-06,1.01973e-05,1.06099e-05,1.10165e-05,1.14165e-05,1.18089e-05,1.21932e-05,1.25683e-05,1.29335e-05,1.3288e-05,1.36309e-05,1.39613e-05,1.42782e-05,1.45808e-05,1.4868e-05,1.5139e-05,1.53927e-05,1.56281e-05,1.58443e-05,1.60401e-05,1.62144e-05,1.63663e-05,1.64945e-05,1.6598e-05,1.66756e-05,1.67261e-05,1.67483e-05,1.67409e-05,1.67026e-05,1.66321e-05,1.65279e-05,1.63886e-05,1.62127e-05,1.59985e-05,1.57443e-05,1.54482e-05,1.51082e-05,1.47221e-05,1.42874e-05,1.38015e-05,1.32613e-05,1.26632e-05,1.2003e-05,1.1276e-05,1.0476e-05,9.59563e-06,8.6254e-06,7.55301e-06,6.3622e-06,5.03184e-06,3.53652e-06,1.85469e-06,0
0,4.05993e-07,8.16552e-07,1.23153e-06,1.65077e-06,2.07407e-06,2.50121e-06,2.93197e-06,3.36606e-06,3.8032e-06,4.24308e-06,4.68534e-06,5.12961e-06,5.57549e-06,6.02256e-06,6.47036e-06,6.91841e-06,7.36619e-06,7.81318e-06,8.2588e-06,8.70246e-06,9.14353e-06,9.58138e-06,1.00153e-05,1.04447e-05,1.08687e-05,1.12866e-05,1.16976e-05,1.2101e-05,1.24959e-05,1.28814e-05,1.32567e-05,1.36209e-05,1.3973e-05,1.43121e-05,1.46373e-05,1.49476e-05,1.52419e-05,1.55193e-05,1.57787e-05,1.6019e-05,1.62391e-05,1.6438e-05,1.66144e-05,1.67674e-05,1.68955e-05,1.69978e-05,1.70729e-05,1.71196e-05,1.71366e-05,1.71225e-05,1.7076e-05,1.69957e-05,1.688e-05,1.67275e-05,1.65364e-05,1.63051e-05,1.60318e-05,1.57144e-05,1.5351e-05,1.49392e-05,1.44765e-05,1.39601e-05,1.3387e-05,1.27535e-05,1.20555e-05,1.12883e-05,1.04463e-05,9.52275e-06,8.50945e-06,7.39668e-06,6.17301e-06,4.82604e-06,3.34528e-06,1.72932e-06,0
0,4.14108e-07,8.33031e-07,1.25663e-06,1.68473e-06,2.11716e-06,2.55368e-06,2.99406e-06,3.43802e-06,3.88528e-06,4.33549e-06,4.78832e-06,5.24337e-06,5.70024e-06,6.15848e-06,6.61762e-06,7.07717e-06,7.53658e-06,7.99532e-06,8.45277e-06,8.90834e-06,9.36136e-06,9.81117e-06,1.02571e-05,1.06983e-05,1.11341e-05,1.15637e-05,1.19863e-05,1.2401e-05,1.2807e-05,1.32033e-05,1.35891e-05,1.39634e-05,1.43252e-05,1.46736e-05,1.50075e-05,1.53259e-05,1.56277e-05,1.59119e-05,1.61774e-05,1.64229e-05,1.66475e-05,1.68498e-05,1.70288e-05,1.71831e-05,1.73116e-05,1.7413e-05,1.7486e-05,1.75292e-05,1.75414e-05,1.7521e-05,1.74667e-05,1.73769e-05,1.72501e-05,1.70846e-05,1.68789e-05,1.6631e-05,1.63392e-05,1.60014e-05,1.56153e-05,1.51789e-05,1.46893e-05,1.4144e-05,1.35398e-05,1.28733e-05,1.21405e-05,1.13371e-05,1.0458e-05,9.49748e-06,8.44896e-06,7.3053e-06,6.05915e-06,4.70411e-06,3.23725e-06,1.66333e-06,0
0,4.22334e-07,8.49744e-07,1.28209e-06,1.71921e-06,2.16091e-06,2.60698e-06,3.05717e-06,3.51121e-06,3.96878e-06,4.42957e-06,4.8932e-06,5.35929e-06,5.82741e-06,6.29711e-06,6.76789e-06,7.23924e-06,7.71062e-06,8.18144e-06,8.6511e-06,9.11893e-06,9.58428e-06,1.00464e-05,1.05047e-05,1.09582e-05,1.14062e-05,1.1848e-05,1.22825e-05,1.2709e-05,1.31265e-05,1.35341e-05,1.39309e-05,1.43157e-05,1.46877e-05,1.50458e-05,1.53889e-05,1.57158e-05,1.60256e-05,1.6317e-05,1.6589e-05,1.68402e-05,1.70696e-05,1.72758e-05,1.74576e-05,1.76138e-05,1.7743e-05,1.78438e-05,1.79151e-05,1.79552e-05,1.79628e-05,1.79365e-05,1.78747e-05,1.77758e-05,1.76383e-05,1.74604e-05,1.72405e-05,1.69766e-05,1.66668e-05,1.63092e-05,1.59014e-05,1.54412e-05,1.49261e-05,1.43532e-05,1.37198e-05,1.30223e-05,1.22574e-05,1.1421e-05,1.05087e-05,9.51579e-06,8.43729e-06,7.26815e-06,6.00393e-06,4.64177e-06,3.18205e-06,1.63053e-06,0
0,4.30667e-07,8.6668e-07,1.3079e-06,1.75418e-06,2.20532e-06,2.6611e-06,3.12128e-06,3.58557e-06,4.05368e-06,4.52526e-06,4.99995e-06,5.47733e-06,5.95697e-06,6.4384e-06,6.92113e-06,7.40461e-06,7.88828e-06,8.37153e-06,8.85374e-06,9.33422e-06,9.81228e-06,1.02872e-05,1.07582e-05,1.12244e-05,1.16851e-05,1.21394e-05,1.25864e-05,1.30251e-05,1.34546e-05,1.38739e-05,1.42821e-05,1.4678e-05,1.50606e-05,1.54288e-05,1.57815e-05,1.61175e-05,1.64356e-05,1.67348e-05,1.70136e-05,1.7271e-05,1.75055e-05,1.7716e-05,1.79011e-05,1.80595e-05,1.81897e-05,1.82905e-05,1.83603e-05,1.83977e-05,1.84012e-05,1.83692e-05,1.83003e-05,1.81927e-05,1.80449e-05,1.7855e-05,1.76213e-05,1.73419e-05,1.70148e-05,1.66379e-05,1.62092e-05,1.57262e-05,1.51865e-05,1.45874e-05,1.39262e-05,1.31997e-05,1.24047e-05,1.15378e-05,1.05952e-05,9.57301e-06,8.46759e-06,7.27548e-06,5.99409e-06,4.62244e-06,3.16212e-06,1.61829e-06,0
0,4.391e-07,8.83827e-07,1.33405e-06,1.78962e-06,2.25034e-06,2.71599e-06,3.18634e-06,3.66109e-06,4.13994e-06,4.62254e-06,5.1085e-06,5.59743e-06,6.08886e-06,6.58232e-06,7.07729e-06,7.57322e-06,8.06951e-06,8.56555e-06,9.06066e-06,9.55417e-06,1.00453e-05,1.05334e-05,1.10175e-05,1.14969e-05,1.19707e-05,1.2438e-05,1.28978e-05,1.33492e-05,1.37912e-05,1.42227e-05,1.46427e-05,1.50501e-05,1.54438e-05,1.58226e-05,1.61854e-05,1.65309e-05,1.68579e-05,1.71651e-05,1.74514e-05,1.77152e-05,1.79554e-05,1.81706e-05,1.83594e-05,1.85203e-05,1.8652e-05,1.8753e-05,1.88217e-05,1.88567e-05,1.88564e-05,1.88192e-05,1.87435e-05,1.86276e-05,1.84698e-05,1.82683e-05,1.80213e-05,1.77268e-05,1.73829e-05,1.69875e-05,1.65384e-05,1.60334e-05,1.547e-05,1.48458e-05,1.41581e-05,1.3404e-05,1.25807e-05,1.1685e-05,1.07139e-05,9.66437e-06,8.53353e-06,7.31907e-06,6.01954e-06,4.63486e-06,3.16689e-06,1.61978e-06,0
0,4.47626e-07,9.01171e-07,1.36051e-06,1.8255e-06,2.29594e-06,2.77163e-06,3.25231e-06,3.7377e-06,4.22749e-06,4.72133e-06,5.21882e-06,5.71954e-06,6.22303e-06,6.72881e-06,7.23632e-06,7.745e-06,8.25425e-06,8.76342e-06,9.27181e-06,9.77871e-06,1.02834e-05,1.0785e-05,1.12827e-05,1.17757e-05,1.2263e-05,1.27437e-05,1.32168e-05,1.36814e-05,1.41363e-05,1.45805e-05,1.50128e-05,1.54322e-05,1.58375e-05,1.62273e-05,1.66006e-05,1.69561e-05,1.72924e-05,1.76082e-05,1.79022e-05,1.81731e-05,1.84193e-05,1.86396e-05,1.88325e-05,1.89964e-05,1.91298e-05,1.92314e-05,1.92994e-05,1.93324e-05,1.93286e-05,1.92865e-05,1.92044e-05,1.90805e-05,1.8913e-05,1.87003e-05,1.84403e-05,1.81311e-05,1.77709e-05,1.73574e-05,1.68886e-05,1.63623e-05,1.57761e-05,1.51276e-05,1.44143e-05,1.36337e-05,1.27831e-05,1.18599e-05,1.08615e-05,9.78542e-06,8.62954e-06,7.39225e-06,6.07274e-06,4.67131e-06,3.18965e-06,1.631e-06,0
0,4.56236e-07,9.18694e-07,1.38726e-06,1.86178e-06,2.34209e-06,2.82796e-06,3.31914e-06,3.81536e-06,4.31629e-06,4.82157e-06,5.33082e-06,5.84358e-06,6.35941e-06,6.87777e-06,7.39813e-06,7.91989e-06,8.44243e-06,8.96507e-06,9.4871e-06,1.00078e-05,1.05263e-05,1.10419e-05,1.15536e-05,1.20606e-05,1.25619e-05,1.30565e-05,1.35434e-05,1.40216e-05,1.44899e-05,1.49472e-05,1.53924e-05,1.58242e-05,1.62415e-05,1.66429e-05,1.70272e-05,1.7393e-05,1.77391e-05,1.8064e-05,1.83662e-05,1.86445e-05,1.88972e-05,1.9123e-05,1.93203e-05,1.94875e-05,1.96232e-05,1.97256e-05,1.97933e-05,1.98245e-05,1.98176e-05,1.97709e-05,1.96826e-05,1.9551e-05,1.93743e-05,1.91506e-05,1.8878e-05,1.85546e-05,1.81783e-05,1.77472e-05,1.72592e-05,1.6712e-05,1.61035e-05,1.54314e-05,1.46933e-05,1.38869e-05,1.30098e-05,1.20598e-05,1.10345e-05,9.93214e-06,8.75091e-06,7.4897e-06,6.14803e-06,4.7263e-06,3.22593e-06,1.64937e-06,0
0,4.64921e-07,9.3638e-07,1.41427e-06,1.89845e-06,2.38874e-06,2.88493e-06,3.38678e-06,3.894e-06,4.40626e-06,4.9232e-06,5.44442e-06,5.96948e-06,6.49789e-06,7.02913e-06,7.56263e-06,8.09778e-06,8.63394e-06,9.17041e-06,9.70645e-06,1.02413e-05,1.07741e-05,1.1304e-05,1.18302e-05,1.23516e-05,1.28673e-05,1.33763e-05,1.38774e-05,1.43696e-05,1.48518e-05,1.53227e-05,1.57812e-05,1.6226e-05,1.66558e-05,1.70692e-05,1.7465e-05,1.78417e-05,1.8198e-05,1.85323e-05,1.88433e-05,1.91293e-05,1.9389e-05,1.96206e-05,1.98228e-05,1.99937e-05,2.01319e-05,2.02356e-05,2.03032e-05,2.0333e-05,2.03233e-05,2.02722e-05,2.01781e-05,2.00391e-05,1.98533e-05,1.96189e-05,1.93339e-05,1.89965e-05,1.86046e-05,1.81563e-05,1.76493e-05,1.70817e-05,1.64513e-05,1.5756e-05,1.49935e-05,1.41617e-05,1.32586e-05,1.22819e-05,1.12299e-05,1.0101e-05,8.89364e-06,7.60712e-06,6.24108e-06,4.79587e-06,3.27262e-06,1.67318e-06,0
0,4.7367e-07,9.54206e-07,1.44151e-06,1.93545e-06,2.43584e-06,2.9425e-06,3.45516e-06,3.97354e-06,4.49732e-06,5.02612e-06,5.55955e-06,6.09713e-06,6.63839e-06,7.18278e-06,7.72971e-06,8.27857e-06,8.82868e-06,9.37932e-06,9.92973e-06,1.04791e-05,1.10266e-05,1.15713e-05,1.21123e-05,1.26486e-05,1.31791e-05,1.37029e-05,1.42187e-05,1.47255e-05,1.5222e-05,1.57071e-05,1.61793e-05,1.66375e-05,1.70803e-05,1.75062e-05,1.79139e-05,1.8302e-05,1.86689e-05,1.90132e-05,1.93333e-05,1.96275e-05,1.98945e-05,2.01324e-05,2.03397e-05,2.05148e-05,2.06558e-05,2.07611e-05,2.0829e-05,2.08576e-05,2.08453e-05,2.07902e-05,2.06904e-05,2.05442e-05,2.03496e-05,2.01047e-05,1.98076e-05,1.94564e-05,1.90491e-05,1.85836e-05,1.80581e-05,1.74703e-05,1.68182e-05,1.60999e-05,1.53133e-05,1.44563e-05,1.35271e-05,1.25238e-05,1.14448e-05,1.02887e-05,9.05435e-06,7.74102e-06,6.34849e-06,4.87701e-06,3.32746e-06,1.70118e-06,0
0,4.82473e-07,9.72151e-07,1.46895e-06,1.97273e-06,2.48335e-06,3.00059e-06,3.5242e-06,4.05391e-06,4.58938e-06,5.13024e-06,5.67608e-06,6.22643e-06,6.78078e-06,7.33859e-06,7.89925e-06,8.46212e-06,9.02651e-06,9.59166e-06,1.01568e-05,1.07211e-05,1.12837e-05,1.18436e-05,1.23998e-05,1.29514e-05,1.34973e-05,1.40363e-05,1.45673e-05,1.50891e-05,1.56004e-05,1.61e-05,1.65865e-05,1.70586e-05,1.75148e-05,1.79537e-05,1.83739e-05,1.87738e-05,1.91518e-05,1.95064e-05,1.9836e-05,2.01389e-05,2.04135e-05,2.06581e-05,2.0871e-05,2.10504e-05,2.11946e-05,2.13018e-05,2.13702e-05,2.1398e-05,2.13833e-05,2.13243e-05,2.12191e-05,2.10658e-05,2.08626e-05,2.06074e-05,2.02983e-05,1.99335e-05,1.95108e-05,1.90284e-05,1.84843e-05,1.78764e-05,1.72029e-05,1.64617e-05,1.56509e-05,1.47687e-05,1.38133e-05,1.27831e-05,1.16767e-05,1.04926e-05,9.23015e-06,7.88853e-06,6.46755e-06,4.96741e-06,3.3887e-06,1.73245e-06,0
0,4.91315e-07,9.90189e-07,1.49654e-06,2.01026e-06,2.53119e-06,3.05913e-06,3.59383e-06,4.13501e-06,4.68234e-06,5.23545e-06,5.79391e-06,6.35724e-06,6.92494e-06,7.49644e-06,8.07111e-06,8.64829e-06,9.22727e-06,9.80729e-06,1.03875e-05,1.09671e-05,1.15451e-05,1.21206e-05,1.26925e-05,1.32599e-05,1.38215e-05,1.43762e-05,1.49228e-05,1.54601e-05,1.59867e-05,1.65014e-05,1.70026e-05,1.74891e-05,1.79592e-05,1.84116e-05,1.88446e-05,1.92567e-05,1.96463e-05,2.00117e-05,2.03513e-05,2.06632e-05,2.09459e-05,2.11975e-05,2.14163e-05,2.16004e-05,2.17481e-05,2.18574e-05,2.19266e-05,2.19537e-05,2.19368e-05,2.18741e-05,2.17636e-05,2.16034e-05,2.13916e-05,2.11262e-05,2.08053e-05,2.04268e-05,1.99889e-05,1.94896e-05,1.89269e-05,1.8299e-05,1.76038e-05,1.68396e-05,1.60046e-05,1.5097e-05,1.41151e-05,1.30576e-05,1.1923e-05,1.07103e-05,9.41853e-06,8.0472e-06,6.59605e-06,5.06517e-06,3.45499e-06,1.76627e-06,0
0,5.00184e-07,1.00829e-06,1.52426e-06,2.04798e-06,2.5793e-06,3.11804e-06,3.66395e-06,4.21674e-06,4.7761e-06,5.34162e-06,5.9129e-06,6.48944e-06,7.07072e-06,7.65615e-06,8.24511e-06,8.83691e-06,9.4308e-06,1.0026e-05,1.06217e-05,1.12169e-05,1.18108e-05,1.24023e-05,1.29903e-05,1.35738e-05,1.41516e-05,1.47225e-05,1.52852e-05,1.58384e-05,1.63808e-05,1.69109e-05,1.74274e-05,1.79287e-05,1.84133e-05,1.88795e-05,1.93259e-05,1.97507e-05,2.01523e-05,2.05289e-05,2.08788e-05,2.12002e-05,2.14913e-05,2.17503e-05,2.19752e-05,2.21644e-05,2.23157e-05,2.24274e-05,2.24976e-05,2.25242e-05,2.25053e-05,2.2439e-05,2.23234e-05,2.21564e-05,2.1936e-05,2.16604e-05,2.13275e-05,2.09355e-05,2.04822e-05,1.99659e-05,1.93846e-05,1.87365e-05,1.80196e-05,1.72322e-05,1.63727e-05,1.54393e-05,1.44305e-05,1.33451e-05,1.21817e-05,1.09393e-05,9.61728e-06,8.21494e-06,6.73209e-06,5.16874e-06,3.5252e-06,1.80203e-06,0
0,5.09063e-07,1.02643e-06,1.55205e-06,2.08582e-06,2.62762e-06,3.17724e-06,3.73446e-06,4.299e-06,4.87051e-06,5.44863e-06,6.03291e-06,6.62286e-06,7.21794e-06,7.81757e-06,8.42108e-06,9.02778e-06,9.63689e-06,1.02476e-05,1.08591e-05,1.14703e-05,1.20804e-05,1.26883e-05,1.32929e-05,1.38929e-05,1.44874e-05,1.50748e-05,1.56541e-05,1.62237e-05,1.67823e-05,1.73285e-05,1.78606e-05,1.83772e-05,1.88766e-05,1.93573e-05,1.98174e-05,2.02554e-05,2.06694e-05,2.10576e-05,2.14182e-05,2.17494e-05,2.20493e-05,2.23159e-05,2.25474e-05,2.27418e-05,2.28971e-05,2.30114e-05,2.30827e-05,2.31089e-05,2.30882e-05,2.30184e-05,2.28976e-05,2.27237e-05,2.24949e-05,2.2209e-05,2.18642e-05,2.14584e-05,2.09897e-05,2.04562e-05,1.98561e-05,1.91875e-05,1.84486e-05,1.76378e-05,1.67533e-05,1.57937e-05,1.47576e-05,1.36436e-05,1.24506e-05,1.11778e-05,9.82441e-06,8.38989e-06,6.87402e-06,5.27677e-06,3.59837e-06,1.83924e-06,0
0,5.17935e-07,1.04457e-06,1.57986e-06,2.12373e-06,2.67604e-06,3.23663e-06,3.80526e-06,4.38164e-06,4.96546e-06,5.55631e-06,6.15377e-06,6.75733e-06,7.36644e-06,7.98049e-06,8.59881e-06,9.22069e-06,9.84533e-06,1.04719e-05,1.10995e-05,1.17271e-05,1.23538e-05,1.29785e-05,1.35999e-05,1.4217e-05,1.48285e-05,1.5433e-05,1.60293e-05,1.66158e-05,1.71911e-05,1.77537e-05,1.83019e-05,1.88343e-05,1.93491e-05,1.98445e-05,2.03189e-05,2.07704e-05,2.11972e-05,2.15974e-05,2.19691e-05,2.23104e-05,2.26194e-05,2.2894e-05,2.31322e-05,2.33321e-05,2.34916e-05,2.36087e-05,2.36812e-05,2.37072e-05,2.36846e-05,2.36114e-05,2.34854e-05,2.33047e-05,2.30673e-05,2.2771e-05,2.2414e-05,2.19943e-05,2.151e-05,2.09591e-05,2.03399e-05,1.96505e-05,1.88893e-05,1.80546e-05,1.71448e-05,1.61584e-05,1.50943e-05,1.39511e-05,1.27279e-05,1.14238e-05,1.00381e-05,8.57037e-06,7.02037e-06,5.38808e-06,3.67364e-06,1.87744e-06,0
0,5.26784e-07,1.06267e-06,1.60764e-06,2.16162e-06,2.7245e-06,3.29611e-06,3.87622e-06,4.46455e-06,5.06078e-06,5.66452e-06,6.27531e-06,6.89266e-06,7.516e-06,8.1447e-06,8.77809e-06,9.41541e-06,1.00559e-05,1.06986e-05,1.13426e-05,1.1987e-05,1.26307e-05,1.32725e-05,1.39113e-05,1.45458e-05,1.51747e-05,1.57967e-05,1.64104e-05,1.70142e-05,1.76067e-05,1.81861e-05,1.8751e-05,1.92996e-05,1.98301e-05,2.03408e-05,2.08298e-05,2.12953e-05,2.17352e-05,2.21478e-05,2.2531e-05,2.28828e-05,2.32011e-05,2.3484e-05,2.37292e-05,2.39348e-05,2.40986e-05,2.42186e-05,2.42925e-05,2.43183e-05,2.42939e-05,2.42171e-05,2.4086e-05,2.38983e-05,2.36521e-05,2.33453e-05,2.2976e-05,2.25421e-05,2.20418e-05,2.14733e-05,2.08346e-05,2.0124e-05,1.934e-05,1.84809e-05,1.75452e-05,1.65316e-05,1.54389e-05,1.42659e-05,1.30116e-05,1.16754e-05,1.02566e-05,8.7548e-06,7.1698e-06,5.50156e-06,3.75027e-06,1.91625e-06,0
0,5.35588e-07,1.0807e-06,1.63533e-06,2.19944e-06,2.7729e-06,3.35557e-06,3.94722e-06,4.54758e-06,5.15633e-06,5.77306e-06,6.39734e-06,7.02864e-06,7.6664e-06,8.30997e-06,8.95866e-06,9.61169e-06,1.02682e-05,1.09274e-05,1.15882e-05,1.22497e-05,1.29106e-05,1.357e-05,1.42265e-05,1.48788e-05,1.55257e-05,1.61656e-05,1.67971e-05,1.74187e-05,1.80287e-05,1.86255e-05,1.92074e-05,1.97727e-05,2.03194e-05,2.08457e-05,2.13498e-05,2.18296e-05,2.22831e-05,2.27084e-05,2.31034e-05,2.3466e-05,2.3794e-05,2.40853e-05,2.43377e-05,2.45492e-05,2.47175e-05,2.48404e-05,2.49157e-05,2.49413e-05,2.4915e-05,2.48347e-05,2.46982e-05,2.45034e-05,2.42483e-05,2.39307e-05,2.35487e-05,2.31004e-05,2.25838e-05,2.19971e-05,2.13385e-05,2.06064e-05,1.9799e-05,1.8915e-05,1.79529e-05,1.69115e-05,1.57895e-05,1.45859e-05,1.33e-05,1.1931e-05,1.04783e-05,8.94172e-06,7.32101e-06,5.61621e-06,3.82751e-06,1.95527e-06,0
0,5.44327e-07,1.09861e-06,1.66288e-06,2.23708e-06,2.82113e-06,3.41487e-06,4.01811e-06,4.63056e-06,5.25191e-06,5.88176e-06,6.51964e-06,7.16506e-06,7.81741e-06,8.47605e-06,9.14025e-06,9.80923e-06,1.04821e-05,1.1158e-05,1.18359e-05,1.25148e-05,1.31934e-05,1.38707e-05,1.45453e-05,1.52158e-05,1.5881e-05,1.65392e-05,1.7189e-05,1.78287e-05,1.84568e-05,1.90714e-05,1.96707e-05,2.0253e-05,2.08164e-05,2.13588e-05,2.18782e-05,2.23728e-05,2.28403e-05,2.32786e-05,2.36857e-05,2.40593e-05,2.43972e-05,2.46971e-05,2.4957e-05,2.51745e-05,2.53473e-05,2.54732e-05,2.55499e-05,2.55753e-05,2.55471e-05,2.54631e-05,2.5321e-05,2.51189e-05,2.48545e-05,2.45259e-05,2.41309e-05,2.36677e-05,2.31343e-05,2.2529e-05,2.18501e-05,2.10958e-05,2.02646e-05,1.93551e-05,1.8366e-05,1.7296e-05,1.61442e-05,1.49095e-05,1.35912e-05,1.21887e-05,1.07017e-05,9.12971e-06,7.47281e-06,5.73105e-06,3.9047e-06,1.99416e-06,0
0,5.52977e-07,1.11636e-06,1.6902e-06,2.27446e-06,2.86908e-06,3.4739e-06,4.08874e-06,4.71333e-06,5.34734e-06,5.99039e-06,6.642e-06,7.30166e-06,7.96876e-06,8.64265e-06,9.32258e-06,1.00077e-05,1.06973e-05,1.13902e-05,1.20854e-05,1.2782e-05,1.34786e-05,1.41741e-05,1.48672e-05,1.55563e-05,1.62401e-05,1.69171e-05,1.75856e-05,1.82439e-05,1.88904e-05,1.95232e-05,2.01404e-05,2.07402e-05,2.13205e-05,2.18794e-05,2.24147e-05,2.29243e-05,2.34061e-05,2.38578e-05,2.42772e-05,2.4662e-05,2.501e-05,2.53189e-05,2.55862e-05,2.58098e-05,2.59872e-05,2.61161e-05,2.61942e-05,2.62193e-05,2.6189e-05,2.61011e-05,2.59533e-05,2.57435e-05,2.54696e-05,2.51294e-05,2.4721e-05,2.42425e-05,2.36919e-05,2.30675e-05,2.23676e-05,2.15905e-05,2.07349e-05,1.97993e-05,1.87825e-05,1.76835e-05,1.65011e-05,1.52346e-05,1.38834e-05,1.2447e-05,1.0925e-05,9.31736e-06,7.624e-06,5.84514e-06,3.98116e-06,2.03255e-06,0
0,5.61515e-07,1.13391e-06,1.71723e-06,2.3115e-06,2.91663e-06,3.53252e-06,4.15896e-06,4.7957e-06,5.44243e-06,6.09873e-06,6.76416e-06,7.43818e-06,8.12018e-06,8.80947e-06,9.50531e-06,1.02069e-05,1.09132e-05,1.16234e-05,1.23363e-05,1.30509e-05,1.37659e-05,1.44799e-05,1.51918e-05,1.58999e-05,1.66028e-05,1.72988e-05,1.79864e-05,1.86637e-05,1.9329e-05,1.99804e-05,2.06159e-05,2.12336e-05,2.18313e-05,2.2407e-05,2.29584e-05,2.34834e-05,2.39798e-05,2.44451e-05,2.48771e-05,2.52735e-05,2.56317e-05,2.59496e-05,2.62245e-05,2.64542e-05,2.66362e-05,2.67681e-05,2.68475e-05,2.68721e-05,2.68395e-05,2.67474e-05,2.65936e-05,2.63758e-05,2.60919e-05,2.57399e-05,2.53176e-05,2.48232e-05,2.42548e-05,2.36107e-05,2.28892e-05,2.20888e-05,2.12081e-05,2.02458e-05,1.92007e-05,1.80718e-05,1.68584e-05,1.55596e-05,1.4175e-05,1.27042e-05,1.1147e-05,9.50331e-06,7.7734e-06,5.95754e-06,4.05623e-06,2.07012e-06,0
0,5.69914e-07,1.15119e-06,1.7439e-06,2.34807e-06,2.96366e-06,3.59056e-06,4.22858e-06,4.87748e-06,5.53693e-06,6.20655e-06,6.88586e-06,7.57434e-06,8.27134e-06,8.9762e-06,9.68812e-06,1.04063e-05,1.11297e-05,1.18574e-05,1.25882e-05,1.33211e-05,1.40546e-05,1.47876e-05,1.55186e-05,1.6246e-05,1.69683e-05,1.76839e-05,1.83909e-05,1.90876e-05,1.97721e-05,2.04425e-05,2.10966e-05,2.17325e-05,2.2348e-05,2.29408e-05,2.35087e-05,2.40495e-05,2.45606e-05,2.50399e-05,2.54847e-05,2.58927e-05,2.62614e-05,2.65883e-05,2.6871e-05,2.71068e-05,2.72933e-05,2.74281e-05,2.75087e-05,2.75326e-05,2.74974e-05,2.74009e-05,2.72406e-05,2.70145e-05,2.67202e-05,2.63557e-05,2.59189e-05,2.54081e-05,2.48213e-05,2.41568e-05,2.34131e-05,2.25887e-05,2.16822e-05,2.06925e-05,1.96184e-05,1.84592e-05,1.72141e-05,1.58825e-05,1.44641e-05,1.29585e-05,1.13658e-05,9.68618e-06,7.91985e-06,6.06733e-06,4.12928e-06,2.10651e-06,0
0,5.78146e-07,1.16815e-06,1.77011e-06,2.38409e-06,3.01004e-06,3.64787e-06,4.29742e-06,4.95844e-06,5.63063e-06,6.31358e-06,7.00682e-06,7.70982e-06,8.42194e-06,9.14247e-06,9.87062e-06,1.06055e-05,1.13462e-05,1.20916e-05,1.28406e-05,1.3592e-05,1.43445e-05,1.50967e-05,1.58471e-05,1.65941e-05,1.73362e-05,1.80716e-05,1.87985e-05,1.95149e-05,2.0219e-05,2.09087e-05,2.15818e-05,2.22363e-05,2.28699e-05,2.34802e-05,2.40649e-05,2.46216e-05,2.51479e-05,2.56412e-05,2.6099e-05,2.65189e-05,2.68981e-05,2.72342e-05,2.75244e-05,2.77664e-05,2.79574e-05,2.80949e-05,2.81764e-05,2.81994e-05,2.81614e-05,2.806e-05,2.78929e-05,2.76578e-05,2.73526e-05,2.69751e-05,2.65233e-05,2.59954e-05,2.53895e-05,2.4704e-05,2.39373e-05,2.30882e-05,2.21552e-05,2.11374e-05,2.00338e-05,1.88436e-05,1.75663e-05,1.62014e-05,1.47488e-05,1.32083e-05,1.15801e-05,9.86457e-06,8.06216e-06,6.17356e-06,4.19963e-06,2.14138e-06,0
0,5.86181e-07,1.18473e-06,1.79579e-06,2.41942e-06,3.05561e-06,3.70428e-06,4.36528e-06,5.03838e-06,5.72326e-06,6.41954e-06,7.12674e-06,7.84431e-06,8.57161e-06,9.30792e-06,1.00524e-05,1.08042e-05,1.15623e-05,1.23256e-05,1.3093e-05,1.38632e-05,1.46349e-05,1.54065e-05,1.61767e-05,1.69437e-05,1.77059e-05,1.84614e-05,1.92084e-05,1.9945e-05,2.0669e-05,2.13783e-05,2.20708e-05,2.27442e-05,2.33962e-05,2.40242e-05,2.4626e-05,2.5199e-05,2.57405e-05,2.62481e-05,2.67191e-05,2.71509e-05,2.75407e-05,2.78859e-05,2.81839e-05,2.84318e-05,2.86272e-05,2.87672e-05,2.88494e-05,2.88711e-05,2.88299e-05,2.87232e-05,2.85488e-05,2.83043e-05,2.79876e-05,2.75964e-05,2.71289e-05,2.65832e-05,2.59575e-05,2.52502e-05,2.44599e-05,2.35852e-05,2.2625e-05,2.15784e-05,2.04446e-05,1.92229e-05,1.79129e-05,1.65144e-05,1.50273e-05,1.34518e-05,1.17882e-05,1.00371e-05,8.19915e-06,6.2753e-06,4.26662e-06,2.17438e-06,0
0,5.93989e-07,1.20088e-06,1.82083e-06,2.45394e-06,3.10022e-06,3.7596e-06,4.43195e-06,5.11703e-06,5.81456e-06,6.52413e-06,7.24528e-06,7.97745e-06,8.71998e-06,9.47214e-06,1.02331e-05,1.10019e-05,1.17776e-05,1.2559e-05,1.3345e-05,1.41342e-05,1.49252e-05,1.57166e-05,1.65068e-05,1.72941e-05,1.80766e-05,1.88526e-05,1.96201e-05,2.0377e-05,2.11213e-05,2.18506e-05,2.25628e-05,2.32554e-05,2.3926e-05,2.45721e-05,2.51912e-05,2.57806e-05,2.63377e-05,2.68597e-05,2.7344e-05,2.77877e-05,2.81882e-05,2.85425e-05,2.8848e-05,2.91019e-05,2.93013e-05,2.94436e-05,2.95261e-05,2.95462e-05,2.95014e-05,2.9389e-05,2.92067e-05,2.89522e-05,2.86232e-05,2.82178e-05,2.77338e-05,2.71695e-05,2.65232e-05,2.57934e-05,2.49786e-05,2.40776e-05,2.30896e-05,2.20135e-05,2.08488e-05,1.9595e-05,1.82519e-05,1.68194e-05,1.52978e-05,1.36873e-05,1.19885e-05,1.02023e-05,8.3296e-06,6.37158e-06,4.32958e-06,2.20516e-06,0
0,6.01535e-07,1.21652e-06,1.84515e-06,2.48753e-06,3.14371e-06,3.81364e-06,4.49719e-06,5.19416e-06,5.90424e-06,6.62705e-06,7.36211e-06,8.10887e-06,8.86664e-06,9.6347e-06,1.04122e-05,1.11981e-05,1.19915e-05,1.27912e-05,1.35959e-05,1.44043e-05,1.5215e-05,1.60263e-05,1.68368e-05,1.76445e-05,1.84477e-05,1.92445e-05,2.00328e-05,2.08104e-05,2.15752e-05,2.23248e-05,2.30569e-05,2.3769e-05,2.44585e-05,2.51229e-05,2.57595e-05,2.63655e-05,2.69382e-05,2.74748e-05,2.79724e-05,2.84282e-05,2.88392e-05,2.92026e-05,2.95156e-05,2.97751e-05,2.99784e-05,3.01227e-05,3.02052e-05,3.02233e-05,3.01742e-05,3.00555e-05,2.98647e-05,2.95996e-05,2.92577e-05,2.88372e-05,2.8336e-05,2.77523e-05,2.70846e-05,2.63313e-05,2.54912e-05,2.45633e-05,2.35465e-05,2.24403e-05,2.12441e-05,1.99577e-05,1.85811e-05,1.71145e-05,1.55582e-05,1.39129e-05,1.21794e-05,1.03588e-05,8.45228e-06,6.46142e-06,4.38783e-06,2.23335e-06,0
0,6.08784e-07,1.23158e-06,1.86862e-06,2.52004e-06,3.18591e-06,3.86619e-06,4.56078e-06,5.26948e-06,5.992e-06,6.72795e-06,7.47686e-06,8.23816e-06,9.01118e-06,9.79514e-06,1.05892e-05,1.13923e-05,1.22035e-05,1.30215e-05,1.38451e-05,1.46729e-05,1.55034e-05,1.63349e-05,1.71658e-05,1.79943e-05,1.88185e-05,1.96362e-05,2.04455e-05,2.12441e-05,2.20297e-05,2.27999e-05,2.35521e-05,2.42839e-05,2.49926e-05,2.56755e-05,2.63298e-05,2.69526e-05,2.75411e-05,2.80923e-05,2.86033e-05,2.9071e-05,2.94926e-05,2.98649e-05,3.01851e-05,3.04501e-05,3.0657e-05,3.08029e-05,3.0885e-05,3.09004e-05,3.08467e-05,3.07211e-05,3.05211e-05,3.02445e-05,2.98891e-05,2.94526e-05,2.89333e-05,2.83295e-05,2.76394e-05,2.68619e-05,2.59956e-05,2.50398e-05,2.39936e-05,2.28565e-05,2.16282e-05,2.03088e-05,1.88984e-05,1.73974e-05,1.58066e-05,1.41268e-05,1.23591e-05,1.05049e-05,8.56593e-06,6.54382e-06,4.44065e-06,2.25858e-06,0
0,6.157e-07,1.246e-06,1.89115e-06,2.55133e-06,3.22663e-06,3.91703e-06,4.62246e-06,5.34271e-06,6.07751e-06,6.82648e-06,7.58914e-06,8.36492e-06,9.15312e-06,9.95298e-06,1.07636e-05,1.1584e-05,1.2413e-05,1.32495e-05,1.40921e-05,1.49394e-05,1.57898e-05,1.66417e-05,1.74933e-05,1.83427e-05,1.9188e-05,2.0027e-05,2.08575e-05,2.16773e-05,2.24839e-05,2.32749e-05,2.40475e-05,2.47993e-05,2.55273e-05,2.62288e-05,2.69009e-05,2.75406e-05,2.81449e-05,2.87108e-05,2.92351e-05,2.97149e-05,3.01468e-05,3.05279e-05,3.08551e-05,3.11253e-05,3.13354e-05,3.14825e-05,3.15636e-05,3.1576e-05,3.15169e-05,3.13837e-05,3.11739e-05,3.08851e-05,3.05151e-05,3.00619e-05,2.95236e-05,2.88986e-05,2.81853e-05,2.73826e-05,2.64893e-05,2.55048e-05,2.44283e-05,2.32597e-05,2.19989e-05,2.0646e-05,1.92015e-05,1.76662e-05,1.60409e-05,1.4327e-05,1.25259e-05,1.06394e-05,8.66924e-06,6.61777e-06,4.48733e-06,2.28049e-06,0
0,6.22242e-07,1.25968e-06,1.91261e-06,2.58124e-06,3.26568e-06,3.96594e-06,4.68195e-06,5.41354e-06,6.16044e-06,6.92226e-06,7.69854e-06,8.48868e-06,9.292e-06,1.01077e-05,1.09349e-05,1.17725e-05,1.26194e-05,1.34744e-05,1.43361e-05,1.5203e-05,1.60735e-05,1.69458e-05,1.78183e-05,1.86888e-05,1.95554e-05,2.04158e-05,2.12679e-05,2.2109e-05,2.29369e-05,2.37488e-05,2.45421e-05,2.53139e-05,2.60614e-05,2.67817e-05,2.74717e-05,2.81284e-05,2.87486e-05,2.93291e-05,2.98667e-05,3.03583e-05,3.08005e-05,3.11901e-05,3.1524e-05,3.1799e-05,3.20119e-05,3.21597e-05,3.22394e-05,3.22481e-05,3.21829e-05,3.20414e-05,3.18209e-05,3.1519e-05,3.11337e-05,3.06628e-05,3.01045e-05,2.94574e-05,2.87199e-05,2.78911e-05,2.69699e-05,2.59558e-05,2.48484e-05,2.36476e-05,2.23536e-05,2.09668e-05,1.94881e-05,1.79185e-05,1.62591e-05,1.45118e-05,1.26782e-05,1.07604e-05,8.76092e-06,6.68223e-06,4.52715e-06,2.29868e-06,0
0,6.28369e-07,1.27256e-06,1.93289e-06,2.60961e-06,3.30286e-06,4.01267e-06,4.73899e-06,5.48166e-06,6.24042e-06,7.0149e-06,7.80461e-06,8.60898e-06,9.4273e-06,1.02588e-05,1.11024e-05,1.19572e-05,1.2822e-05,1.36955e-05,1.45763e-05,1.54629e-05,1.63536e-05,1.72465e-05,1.81399e-05,1.90317e-05,1.99198e-05,2.08018e-05,2.16755e-05,2.25382e-05,2.33874e-05,2.42205e-05,2.50345e-05,2.58266e-05,2.65937e-05,2.73329e-05,2.80409e-05,2.87145e-05,2.93506e-05,2.99456e-05,3.04965e-05,3.09997e-05,3.1452e-05,3.18499e-05,3.21902e-05,3.24696e-05,3.26848e-05,3.28327e-05,3.29103e-05,3.29146e-05,3.28427e-05,3.2692e-05,3.246e-05,3.21441e-05,3.17424e-05,3.12529e-05,3.06737e-05,3.00034e-05,2.92408e-05,2.83848e-05,2.74348e-05,2.63902e-05,2.52511e-05,2.40174e-05,2.26898e-05,2.12689e-05,1.97559e-05,1.8152e-05,1.64591e-05,1.46789e-05,1.28139e-05,1.08666e-05,8.83962e-06,6.73613e-06,4.55935e-06,2.31276e-06,0
0,6.34039e-07,1.28454e-06,1.95186e-06,2.63627e-06,3.33795e-06,4.05696e-06,4.79327e-06,5.54673e-06,6.31708e-06,7.10397e-06,7.90691e-06,8.72532e-06,9.55847e-06,1.04056e-05,1.12656e-05,1.21376e-05,1.30202e-05,1.39122e-05,1.48121e-05,1.57184e-05,1.66293e-05,1.75429e-05,1.84574e-05,1.93705e-05,2.02801e-05,2.11839e-05,2.20793e-05,2.29637e-05,2.38345e-05,2.46888e-05,2.55236e-05,2.6336e-05,2.71229e-05,2.78809e-05,2.8607e-05,2.92976e-05,2.99494e-05,3.0559e-05,3.11228e-05,3.16375e-05,3.20996e-05,3.25054e-05,3.28517e-05,3.31351e-05,3.33521e-05,3.34996e-05,3.35744e-05,3.35736e-05,3.34941e-05,3.33334e-05,3.30888e-05,3.27581e-05,3.2339e-05,3.18297e-05,3.12286e-05,3.05341e-05,2.97452e-05,2.88611e-05,2.78813e-05,2.68055e-05,2.56338e-05,2.43668e-05,2.3005e-05,2.15497e-05,2.00023e-05,1.83645e-05,1.66385e-05,1.48265e-05,1.29314e-05,1.09562e-05,8.90397e-06,6.77839e-06,4.5832e-06,2.32235e-06,0
0,6.39206e-07,1.29553e-06,1.96937e-06,2.66104e-06,3.37074e-06,4.09856e-06,4.84448e-06,5.60838e-06,6.39002e-06,7.18903e-06,8.00495e-06,8.83716e-06,9.68496e-06,1.05475e-05,1.14238e-05,1.23128e-05,1.32132e-05,1.41236e-05,1.50426e-05,1.59686e-05,1.68997e-05,1.7834e-05,1.87695e-05,1.97041e-05,2.06354e-05,2.15609e-05,2.24782e-05,2.33844e-05,2.42767e-05,2.51524e-05,2.60081e-05,2.68409e-05,2.76475e-05,2.84245e-05,2.91685e-05,2.9876e-05,3.05435e-05,3.11674e-05,3.17441e-05,3.227e-05,3.27415e-05,3.31549e-05,3.35068e-05,3.37935e-05,3.40118e-05,3.41582e-05,3.42295e-05,3.42227e-05,3.41349e-05,3.39632e-05,3.37052e-05,3.33585e-05,3.2921e-05,3.23908e-05,3.17666e-05,3.10468e-05,3.02306e-05,2.93174e-05,2.83068e-05,2.71989e-05,2.5994e-05,2.46928e-05,2.32966e-05,2.18067e-05,2.0225e-05,1.85536e-05,1.67952e-05,1.49525e-05,1.30288e-05,1.10276e-05,8.95258e-06,6.80793e-06,4.59791e-06,2.32704e-06,0
0,6.43823e-07,1.30544e-06,1.98529e-06,2.68373e-06,3.40098e-06,4.13717e-06,4.8923e-06,5.66626e-06,6.45882e-06,7.26963e-06,8.09821e-06,8.94397e-06,9.80616e-06,1.06839e-05,1.15763e-05,1.24821e-05,1.34001e-05,1.43289e-05,1.52669e-05,1.62125e-05,1.71638e-05,1.81188e-05,1.90754e-05,2.00314e-05,2.09844e-05,2.19318e-05,2.28709e-05,2.37989e-05,2.47129e-05,2.56099e-05,2.64866e-05,2.73398e-05,2.8166e-05,2.89619e-05,2.97238e-05,3.04481e-05,3.11312e-05,3.17692e-05,3.23585e-05,3.28953e-05,3.33759e-05,3.37964e-05,3.41533e-05,3.44429e-05,3.46617e-05,3.48063e-05,3.48734e-05,3.48598e-05,3.47626e-05,3.4579e-05,3.43064e-05,3.39427e-05,3.34856e-05,3.29335e-05,3.2285e-05,3.15388e-05,3.06943e-05,2.97508e-05,2.87085e-05,2.75675e-05,2.63286e-05,2.49929e-05,2.35618e-05,2.20372e-05,2.04214e-05,1.87169e-05,1.69269e-05,1.50547e-05,1.31041e-05,1.10791e-05,8.98406e-06,6.82364e-06,4.60273e-06,2.32642e-06,0
0,6.4784e-07,1.31417e-06,1.99947e-06,2.70414e-06,3.42843e-06,4.1725e-06,4.93638e-06,5.71996e-06,6.52304e-06,7.34527e-06,8.18618e-06,9.04515e-06,9.92145e-06,1.08142e-05,1.17224e-05,1.26449e-05,1.35803e-05,1.45273e-05,1.54842e-05,1.64492e-05,1.74206e-05,1.83962e-05,1.93739e-05,2.03513e-05,2.13259e-05,2.22951e-05,2.32561e-05,2.42059e-05,2.51416e-05,2.60599e-05,2.69575e-05,2.78311e-05,2.8677e-05,2.94916e-05,3.02713e-05,3.10122e-05,3.17106e-05,3.23625e-05,3.29641e-05,3.35115e-05,3.40006e-05,3.44278e-05,3.47892e-05,3.50811e-05,3.52997e-05,3.54417e-05,3.55036e-05,3.54823e-05,3.53747e-05,3.51782e-05,3.489e-05,3.45081e-05,3.40303e-05,3.34551e-05,3.27811e-05,3.20073e-05,3.11332e-05,3.01585e-05,2.90835e-05,2.79086e-05,2.66351e-05,2.52642e-05,2.37979e-05,2.22386e-05,2.05889e-05,1.88519e-05,1.70314e-05,1.51311e-05,1.31555e-05,1.11091e-05,8.99698e-06,6.8244e-06,4.59686e-06,2.32009e-06,0
0,6.51205e-07,1.32161e-06,2.01176e-06,2.72207e-06,3.45285e-06,4.20426e-06,4.97637e-06,5.7691e-06,6.58224e-06,7.41546e-06,8.26828e-06,9.14009e-06,1.00302e-05,1.09376e-05,1.18613e-05,1.28001e-05,1.37528e-05,1.47177e-05,1.56933e-05,1.66778e-05,1.76691e-05,1.86652e-05,1.96638e-05,2.06625e-05,2.16587e-05,2.26497e-05,2.36325e-05,2.46041e-05,2.55613e-05,2.65009e-05,2.74194e-05,2.83131e-05,2.91785e-05,3.00118e-05,3.08091e-05,3.15665e-05,3.22799e-05,3.29454e-05,3.35589e-05,3.41164e-05,3.46137e-05,3.5047e-05,3.54123e-05,3.57056e-05,3.59234e-05,3.60619e-05,3.61178e-05,3.60878e-05,3.59688e-05,3.57582e-05,3.54533e-05,3.50519e-05,3.45522e-05,3.39526e-05,3.3252e-05,3.24494e-05,3.15446e-05,3.05376e-05,2.94288e-05,2.82193e-05,2.69103e-05,2.55039e-05,2.40022e-05,2.24081e-05,2.07249e-05,1.89562e-05,1.71062e-05,1.51794e-05,1.31809e-05,1.11158e-05,8.98992e-06,6.80909e-06,4.57953e-06,2.30764e-06,0
0,6.53867e-07,1.32767e-06,2.022e-06,2.73732e-06,3.47396e-06,4.23213e-06,5.0119e-06,5.81323e-06,6.63593e-06,7.47965e-06,8.34394e-06,9.22817e-06,1.01316e-05,1.10533e-05,1.19922e-05,1.29471e-05,1.39167e-05,1.48993e-05,1.58934e-05,1.6897e-05,1.79081e-05,1.89245e-05,1.99439e-05,2.09638e-05,2.19814e-05,2.2994e-05,2.39985e-05,2.49918e-05,2.59705e-05,2.69312e-05,2.78704e-05,2.87842e-05,2.9669e-05,3.05207e-05,3.13354e-05,3.21089e-05,3.28371e-05,3.35158e-05,3.41408e-05,3.47079e-05,3.52129e-05,3.56516e-05,3.60201e-05,3.63142e-05,3.65303e-05,3.66645e-05,3.67133e-05,3.66736e-05,3.65422e-05,3.63163e-05,3.59934e-05,3.55714e-05,3.50485e-05,3.44233e-05,3.36947e-05,3.28621e-05,3.19254e-05,3.0885e-05,2.97416e-05,2.84965e-05,2.71515e-05,2.5709e-05,2.41717e-05,2.2543e-05,2.08267e-05,1.90272e-05,1.7149e-05,1.51976e-05,1.31785e-05,1.10976e-05,8.96145e-06,6.77659e-06,4.54995e-06,2.28867e-06,0
0,6.55768e-07,1.33223e-06,2.03002e-06,2.74965e-06,3.49148e-06,4.25576e-06,5.04259e-06,5.85193e-06,6.68361e-06,7.5373e-06,8.41254e-06,9.30871e-06,1.0225e-05,1.11606e-05,1.21143e-05,1.30849e-05,1.40711e-05,1.50711e-05,1.60833e-05,1.71057e-05,1.81364e-05,1.91729e-05,2.02129e-05,2.12537e-05,2.22926e-05,2.33266e-05,2.43526e-05,2.53674e-05,2.63674e-05,2.73491e-05,2.83088e-05,2.92425e-05,3.01464e-05,3.10163e-05,3.1848e-05,3.26374e-05,3.338e-05,3.40715e-05,3.47075e-05,3.52837e-05,3.57957e-05,3.62393e-05,3.66102e-05,3.69043e-05,3.71178e-05,3.72467e-05,3.72875e-05,3.7237e-05,3.70919e-05,3.68496e-05,3.65075e-05,3.60636e-05,3.55163e-05,3.48641e-05,3.41062e-05,3.32424e-05,3.22727e-05,3.11977e-05,3.00186e-05,2.87372e-05,2.73556e-05,2.58766e-05,2.43037e-05,2.26406e-05,2.08919e-05,1.90624e-05,1.71576e-05,1.51834e-05,1.31462e-05,1.10528e-05,8.91015e-06,6.72578e-06,4.50736e-06,2.26276e-06,0
0,6.56854e-07,1.33518e-06,2.03566e-06,2.75885e-06,3.50515e-06,4.27483e-06,5.06804e-06,5.88474e-06,6.72478e-06,7.58784e-06,8.47346e-06,9.38102e-06,1.03097e-05,1.12587e-05,1.22267e-05,1.32126e-05,1.42149e-05,1.52319e-05,1.62619e-05,1.73029e-05,1.83527e-05,1.9409e-05,2.04693e-05,2.15308e-05,2.25907e-05,2.3646e-05,2.46933e-05,2.57292e-05,2.67503e-05,2.77527e-05,2.87326e-05,2.9686e-05,3.06087e-05,3.14965e-05,3.2345e-05,3.31497e-05,3.39063e-05,3.46101e-05,3.52567e-05,3.58414e-05,3.63598e-05,3.68075e-05,3.718e-05,3.74733e-05,3.76832e-05,3.78058e-05,3.78376e-05,3.77751e-05,3.76152e-05,3.73552e-05,3.69926e-05,3.65255e-05,3.59523e-05,3.52718e-05,3.44835e-05,3.35871e-05,3.25832e-05,3.14726e-05,3.0257e-05,2.89384e-05,2.75196e-05,2.60039e-05,2.43952e-05,2.26981e-05,2.09176e-05,1.90593e-05,1.71295e-05,1.51348e-05,1.30823e-05,1.09796e-05,8.83461e-06,6.65558e-06,4.45099e-06,2.22953e-06,0
0,6.57064e-07,1.3364e-06,2.03874e-06,2.76467e-06,3.51465e-06,4.28899e-06,5.08783e-06,5.91118e-06,6.75889e-06,7.63067e-06,8.52604e-06,9.44439e-06,1.03849e-05,1.13467e-05,1.23285e-05,1.33292e-05,1.43471e-05,1.53807e-05,1.6428e-05,1.74871e-05,1.85557e-05,1.96315e-05,2.07117e-05,2.17936e-05,2.28742e-05,2.39503e-05,2.50186e-05,2.60755e-05,2.71173e-05,2.81401e-05,2.914e-05,3.01127e-05,3.10538e-05,3.19591e-05,3.28239e-05,3.36436e-05,3.44137e-05,3.51293e-05,3.57857e-05,3.63783e-05,3.69024e-05,3.73534e-05,3.77268e-05,3.80183e-05,3.82237e-05,3.8339e-05,3.83606e-05,3.82849e-05,3.8109e-05,3.783e-05,3.74457e-05,3.6954e-05,3.63536e-05,3.56435e-05,3.48233e-05,3.38932e-05,3.28538e-05,3.17066e-05,3.04534e-05,2.9097e-05,2.76404e-05,2.60878e-05,2.44434e-05,2.27127e-05,2.09012e-05,1.90155e-05,1.70624e-05,1.50495e-05,1.29847e-05,1.08764e-05,8.73345e-06,6.56489e-06,4.38009e-06,2.18859e-06,0
0,6.56339e-07,1.33577e-06,2.03907e-06,2.76688e-06,3.5197e-06,4.29786e-06,5.10154e-06,5.93077e-06,6.78541e-06,7.66517e-06,8.5696e-06,9.49805e-06,1.04497e-05,1.14237e-05,1.24187e-05,1.34336e-05,1.44666e-05,1.55162e-05,1.65804e-05,1.76572e-05,1.87441e-05,1.98388e-05,2.09385e-05,2.20404e-05,2.31413e-05,2.42379e-05,2.53268e-05,2.64042e-05,2.74664e-05,2.85093e-05,2.95287e-05,3.05202e-05,3.14794e-05,3.24017e-05,3.32824e-05,3.41166e-05,3.48996e-05,3.56263e-05,3.62921e-05,3.68918e-05,3.74209e-05,3.78743e-05,3.82477e-05,3.85364e-05,3.87363e-05,3.88432e-05,3.88534e-05,3.87634e-05,3.85702e-05,3.82709e-05,3.78634e-05,3.73459e-05,3.67169e-05,3.59758e-05,3.51225e-05,3.41573e-05,3.30814e-05,3.18964e-05,3.06049e-05,2.92099e-05,2.77152e-05,2.61253e-05,2.44455e-05,2.26816e-05,2.08402e-05,1.89284e-05,1.69541e-05,1.49255e-05,1.28516e-05,1.07416e-05,8.60532e-06,6.45266e-06,4.29393e-06,2.13955e-06,0
0,6.54616e-07,1.33316e-06,2.03647e-06,2.76524e-06,3.51999e-06,4.30108e-06,5.10874e-06,5.94301e-06,6.80376e-06,7.69072e-06,8.60343e-06,9.54125e-06,1.05034e-05,1.14888e-05,1.24964e-05,1.35247e-05,1.45723e-05,1.56373e-05,1.67178e-05,1.78116e-05,1.89164e-05,2.00295e-05,2.11482e-05,2.22695e-05,2.33902e-05,2.45068e-05,2.56159e-05,2.67134e-05,2.77955e-05,2.8858e-05,2.98964e-05,3.09063e-05,3.18831e-05,3.28219e-05,3.37179e-05,3.4566e-05,3.53613e-05,3.60986e-05,3.67729e-05,3.73791e-05,3.79122e-05,3.83673e-05,3.87397e-05,3.90247e-05,3.92179e-05,3.93153e-05,3.9313e-05,3.92074e-05,3.89956e-05,3.86747e-05,3.82427e-05,3.76978e-05,3.7039e-05,3.62656e-05,3.53778e-05,3.43763e-05,3.32626e-05,3.2039e-05,3.07082e-05,2.9274e-05,2.77408e-05,2.61137e-05,2.43986e-05,2.26023e-05,2.0732e-05,1.87958e-05,1.68023e-05,1.47608e-05,1.26812e-05,1.05737e-05,8.44891e-06,6.31788e-06,4.19181e-06,2.08206e-06,0
0,6.51834e-07,1.32846e-06,2.03076e-06,2.75948e-06,3.51519e-06,4.29827e-06,5.10898e-06,5.94738e-06,6.81336e-06,7.70665e-06,8.62681e-06,9.57318e-06,1.05449e-05,1.15411e-05,1.25605e-05,1.36016e-05,1.46629e-05,1.57427e-05,1.68387e-05,1.7949e-05,1.90709e-05,2.02019e-05,2.1339e-05,2.24792e-05,2.36191e-05,2.47552e-05,2.58838e-05,2.70009e-05,2.81024e-05,2.91838e-05,3.02408e-05,3.12686e-05,3.22623e-05,3.32171e-05,3.41277e-05,3.49891e-05,3.5796e-05,3.65431e-05,3.72252e-05,3.7837e-05,3.83734e-05,3.88292e-05,3.91996e-05,3.94798e-05,3.96654e-05,3.97521e-05,3.9736e-05,3.96136e-05,3.93818e-05,3.90381e-05,3.85802e-05,3.80066e-05,3.73164e-05,3.65094e-05,3.55858e-05,3.45469e-05,3.33944e-05,3.21311e-05,3.07603e-05,2.92864e-05,2.77143e-05,2.605e-05,2.43e-05,2.2472e-05,2.0574e-05,1.86151e-05,1.66049e-05,1.45535e-05,1.24718e-05,1.03711e-05,8.263e-06,6.1596e-06,4.07308e-06,2.01577e-06,0
0,6.47929e-07,1.32153e-06,2.02175e-06,2.74936e-06,3.50498e-06,4.28904e-06,5.1018e-06,5.94335e-06,6.81361e-06,7.71231e-06,8.63899e-06,9.59301e-06,1.05735e-05,1.15796e-05,1.26099e-05,1.3663e-05,1.47373e-05,1.5831e-05,1.69419e-05,1.80678e-05,1.92062e-05,2.03542e-05,2.15091e-05,2.26674e-05,2.38259e-05,2.49809e-05,2.61284e-05,2.72644e-05,2.83846e-05,2.94845e-05,3.05593e-05,3.16043e-05,3.26144e-05,3.35844e-05,3.4509e-05,3.53829e-05,3.62007e-05,3.69569e-05,3.76459e-05,3.82625e-05,3.88012e-05,3.92567e-05,3.96242e-05,3.98986e-05,4.00753e-05,4.01501e-05,4.0119e-05,3.99785e-05,3.97256e-05,3.93575e-05,3.88724e-05,3.82688e-05,3.7546e-05,3.67039e-05,3.57434e-05,3.46658e-05,3.34735e-05,3.21696e-05,3.07581e-05,2.9244e-05,2.76328e-05,2.59314e-05,2.41471e-05,2.22882e-05,2.0364e-05,1.83843e-05,1.63597e-05,1.43016e-05,1.22216e-05,1.01323e-05,8.0464e-06,5.9769e-06,3.93711e-06,1.94038e-06,0
0,6.42836e-07,1.31225e-06,2.00923e-06,2.73462e-06,3.48905e-06,4.27299e-06,5.08674e-06,5.93041e-06,6.80391e-06,7.70699e-06,8.63921e-06,9.5999e-06,1.05882e-05,1.16032e-05,1.26435e-05,1.37077e-05,1.47941e-05,1.59008e-05,1.70257e-05,1.81665e-05,1.93204e-05,2.04848e-05,2.16566e-05,2.28324e-05,2.40086e-05,2.51817e-05,2.63474e-05,2.75016e-05,2.86398e-05,2.97573e-05,3.08493e-05,3.19108e-05,3.29364e-05,3.39209e-05,3.48588e-05,3.57444e-05,3.65723e-05,3.73366e-05,3.80317e-05,3.86521e-05,3.91922e-05,3.96465e-05,4.00099e-05,4.02773e-05,4.04441e-05,4.05059e-05,4.04586e-05,4.02987e-05,4.00232e-05,3.96295e-05,3.91158e-05,3.84809e-05,3.77241e-05,3.68459e-05,3.58471e-05,3.47298e-05,3.34967e-05,3.21514e-05,3.06986e-05,2.91439e-05,2.74936e-05,2.57552e-05,2.39371e-05,2.20486e-05,2.00996e-05,1.81012e-05,1.6065e-05,1.40034e-05,1.19293e-05,9.85621e-06,7.79804e-06,5.76897e-06,3.78335e-06,1.85559e-06,0
0,6.3649e-07,1.30048e-06,1.99303e-06,2.71499e-06,3.46706e-06,4.24974e-06,5.06334e-06,5.90799e-06,6.78363e-06,7.69001e-06,8.62668e-06,9.593e-06,1.05881e-05,1.16109e-05,1.26602e-05,1.37345e-05,1.4832e-05,1.59508e-05,1.70887e-05,1.82433e-05,1.9412e-05,2.05917e-05,2.17795e-05,2.29718e-05,2.4165e-05,2.53552e-05,2.65383e-05,2.77098e-05,2.88652e-05,2.99996e-05,3.11079e-05,3.2185e-05,3.32253e-05,3.42235e-05,3.51737e-05,3.60703e-05,3.69073e-05,3.76789e-05,3.83792e-05,3.90024e-05,3.95428e-05,3.99949e-05,4.03531e-05,4.06125e-05,4.07682e-05,4.08157e-05,4.07509e-05,4.05704e-05,4.02711e-05,3.98505e-05,3.9307e-05,3.86394e-05,3.78474e-05,3.69317e-05,3.58937e-05,3.47356e-05,3.34608e-05,3.20734e-05,3.05788e-05,2.89832e-05,2.72938e-05,2.55189e-05,2.36678e-05,2.17507e-05,1.97788e-05,1.77639e-05,1.57189e-05,1.36573e-05,1.15933e-05,9.54151e-06,7.51697e-06,5.53506e-06,3.61128e-06,1.76114e-06,0
0,6.28828e-07,1.2861e-06,1.97293e-06,2.69022e-06,3.43869e-06,4.21887e-06,5.03112e-06,5.87556e-06,6.75216e-06,7.66066e-06,8.60063e-06,9.5714e-06,1.05721e-05,1.16017e-05,1.26589e-05,1.37421e-05,1.48496e-05,1.59793e-05,1.71292e-05,1.82966e-05,1.94789e-05,2.06731e-05,2.18758e-05,2.30836e-05,2.42927e-05,2.54992e-05,2.66986e-05,2.78865e-05,2.90581e-05,3.02083e-05,3.13321e-05,3.24238e-05,3.3478e-05,3.44889e-05,3.54506e-05,3.6357e-05,3.72023e-05,3.79801e-05,3.86846e-05,3.93097e-05,3.98494e-05,4.02981e-05,4.06501e-05,4.09003e-05,4.10437e-05,4.10757e-05,4.09923e-05,4.07899e-05,4.04655e-05,4.00168e-05,3.94422e-05,3.87407e-05,3.79124e-05,3.69582e-05,3.58798e-05,3.46801e-05,3.33628e-05,3.19328e-05,3.03959e-05,2.87593e-05,2.7031e-05,2.52201e-05,2.33369e-05,2.13926e-05,1.93995e-05,1.73705e-05,1.53198e-05,1.3262e-05,1.12125e-05,9.18719e-06,7.20234e-06,5.27454e-06,3.42048e-06,1.65682e-06,0
0,6.19786e-07,1.26899e-06,1.94875e-06,2.66004e-06,3.4036e-06,4.18e-06,4.9896e-06,5.83256e-06,6.70885e-06,7.61822e-06,8.56023e-06,9.53422e-06,1.05393e-05,1.15744e-05,1.26382e-05,1.37291e-05,1.48454e-05,1.5985e-05,1.71456e-05,1.83246e-05,1.95194e-05,2.07267e-05,2.19432e-05,2.31654e-05,2.43894e-05,2.56109e-05,2.68256e-05,2.80287e-05,2.92155e-05,3.03806e-05,3.15186e-05,3.2624e-05,3.3691e-05,3.47136e-05,3.56857e-05,3.6601e-05,3.74534e-05,3.82366e-05,3.89441e-05,3.957e-05,4.01079e-05,4.05521e-05,4.08968e-05,4.11367e-05,4.12666e-05,4.12821e-05,4.11788e-05,4.09534e-05,4.06027e-05,4.01247e-05,3.95178e-05,3.87814e-05,3.79157e-05,3.69219e-05,3.58023e-05,3.45601e-05,3.31997e-05,3.17265e-05,3.01473e-05,2.84697e-05,2.67028e-05,2.48566e-05,2.29423e-05,2.09724e-05,1.89601e-05,1.69197e-05,1.48664e-05,1.28163e-05,1.07859e-05,8.79242e-06,6.85348e-06,4.9869e-06,3.21062e-06,1.54247e-06,0
0,6.09301e-07,1.249e-06,1.92031e-06,2.6242e-06,3.36148e-06,4.13273e-06,4.93833e-06,5.77846e-06,6.65309e-06,7.56198e-06,8.50469e-06,9.48055e-06,1.04887e-05,1.1528e-05,1.2597e-05,1.36944e-05,1.48181e-05,1.59661e-05,1.71361e-05,1.83255e-05,1.95313e-05,2.07505e-05,2.19796e-05,2.32149e-05,2.44523e-05,2.56877e-05,2.69164e-05,2.81336e-05,2.93343e-05,3.0513e-05,3.16642e-05,3.27821e-05,3.38607e-05,3.48939e-05,3.58752e-05,3.67983e-05,3.76568e-05,3.84441e-05,3.91536e-05,3.97791e-05,4.03142e-05,4.07528e-05,4.10891e-05,4.13175e-05,4.14329e-05,4.14305e-05,4.13063e-05,4.10567e-05,4.06787e-05,4.01703e-05,3.953e-05,3.87576e-05,3.78536e-05,3.68194e-05,3.56578e-05,3.43726e-05,3.29686e-05,3.1452e-05,2.98303e-05,2.8112e-05,2.63069e-05,2.44263e-05,2.24823e-05,2.04884e-05,1.84591e-05,1.64101e-05,1.43576e-05,1.23192e-05,1.03126e-05,8.35655e-06,6.46989e-06,4.67179e-06,2.98146e-06,1.41796e-06,0
0,5.97314e-07,1.22603e-06,1.88741e-06,2.58246e-06,3.31201e-06,4.07668e-06,4.87684e-06,5.71271e-06,6.58424e-06,7.49122e-06,8.43319e-06,9.40947e-06,1.04192e-05,1.14612e-05,1.25341e-05,1.36363e-05,1.4766e-05,1.5921e-05,1.7099e-05,1.82972e-05,1.95127e-05,2.07423e-05,2.19825e-05,2.32294e-05,2.44789e-05,2.57267e-05,2.69681e-05,2.8198e-05,2.94112e-05,3.06022e-05,3.17653e-05,3.28944e-05,3.39834e-05,3.50258e-05,3.60152e-05,3.69449e-05,3.78082e-05,3.85984e-05,3.93088e-05,3.99328e-05,4.04638e-05,4.08957e-05,4.12224e-05,4.14383e-05,4.1538e-05,4.15168e-05,4.13706e-05,4.10957e-05,4.06894e-05,4.01496e-05,3.94752e-05,3.86659e-05,3.77227e-05,3.66475e-05,3.54434e-05,3.41146e-05,3.26668e-05,3.11068e-05,2.94427e-05,2.7684e-05,2.58416e-05,2.39276e-05,2.19553e-05,1.99394e-05,1.78955e-05,1.58407e-05,1.37926e-05,1.177e-05,9.79221e-06,7.8792e-06,6.05129e-06,4.32901e-06,2.73289e-06,1.28326e-06,0
0,5.83766e-07,1.19997e-06,1.84988e-06,2.53458e-06,3.2549e-06,4.01146e-06,4.80469e-06,5.63478e-06,6.5017e-06,7.40524e-06,8.34492e-06,9.32008e-06,1.03298e-05,1.13729e-05,1.24481e-05,1.35537e-05,1.46877e-05,1.58481e-05,1.70323e-05,1.82377e-05,1.94613e-05,2.06997e-05,2.19493e-05,2.32063e-05,2.44664e-05,2.5725e-05,2.69774e-05,2.82185e-05,2.94428e-05,3.06446e-05,3.18181e-05,3.29569e-05,3.40548e-05,3.51052e-05,3.61013e-05,3.70362e-05,3.79031e-05,3.8695e-05,3.9405e-05,4.00263e-05,4.05522e-05,4.09762e-05,4.12923e-05,4.14945e-05,4.15775e-05,4.15365e-05,4.13673e-05,4.10663e-05,4.06307e-05,4.00587e-05,3.93493e-05,3.85026e-05,3.75197e-05,3.64029e-05,3.51559e-05,3.37834e-05,3.22917e-05,3.06884e-05,2.89824e-05,2.71841e-05,2.53053e-05,2.33592e-05,2.13602e-05,1.93243e-05,1.72685e-05,1.5211e-05,1.3171e-05,1.11685e-05,9.22448e-06,7.36026e-06,5.59764e-06,3.95856e-06,2.46492e-06,1.13836e-06,0
0,5.68605e-07,1.17069e-06,1.80757e-06,2.48033e-06,3.18984e-06,3.93674e-06,4.72144e-06,5.54416e-06,6.40487e-06,7.30333e-06,8.23909e-06,9.21146e-06,1.02195e-05,1.12621e-05,1.23378e-05,1.34449e-05,1.45815e-05,1.57455e-05,1.69343e-05,1.81451e-05,1.93749e-05,2.06203e-05,2.18776e-05,2.31429e-05,2.44117e-05,2.56794e-05,2.69412e-05,2.81917e-05,2.94253e-05,3.06363e-05,3.18185e-05,3.29656e-05,3.40709e-05,3.51276e-05,3.61289e-05,3.70677e-05,3.79368e-05,3.87291e-05,3.94374e-05,4.00548e-05,4.05743e-05,4.09894e-05,4.12937e-05,4.14812e-05,4.15466e-05,4.14848e-05,4.12918e-05,4.09638e-05,4.04983e-05,3.98935e-05,3.91486e-05,3.82639e-05,3.7241e-05,3.60825e-05,3.47924e-05,3.33764e-05,3.18411e-05,3.01949e-05,2.84477e-05,2.66107e-05,2.46967e-05,2.272e-05,2.06963e-05,1.86428e-05,1.65778e-05,1.45209e-05,1.24927e-05,1.05148e-05,8.6096e-06,6.79997e-06,5.10918e-06,3.56066e-06,2.17773e-06,9.83391e-07,0
0,5.51781e-07,1.1381e-06,1.76031e-06,2.41951e-06,3.11658e-06,3.85217e-06,4.6267e-06,5.44037e-06,6.29316e-06,7.18484e-06,8.11492e-06,9.08272e-06,1.00873e-05,1.11275e-05,1.22018e-05,1.33086e-05,1.44459e-05,1.56115e-05,1.68029e-05,1.80171e-05,1.92512e-05,2.05016e-05,2.17647e-05,2.30362e-05,2.43117e-05,2.55866e-05,2.68558e-05,2.81138e-05,2.9355e-05,3.05733e-05,3.17624e-05,3.29159e-05,3.40269e-05,3.50885e-05,3.60934e-05,3.70345e-05,3.79043e-05,3.86956e-05,3.94009e-05,4.00131e-05,4.05251e-05,4.093e-05,4.12215e-05,4.13934e-05,4.14402e-05,4.1357e-05,4.11394e-05,4.07839e-05,4.0288e-05,3.96499e-05,3.88692e-05,3.79464e-05,3.68833e-05,3.56831e-05,3.43503e-05,3.28911e-05,3.13128e-05,2.96245e-05,2.78371e-05,2.59626e-05,2.40149e-05,2.20095e-05,1.99634e-05,1.78948e-05,1.58235e-05,1.37706e-05,1.17582e-05,9.80947e-06,7.94821e-06,6.19894e-06,4.58648e-06,3.1358e-06,1.87169e-06,8.18532e-07,0
0,5.33253e-07,1.10213e-06,1.70798e-06,2.35194e-06,3.03489e-06,3.75746e-06,4.52009e-06,5.32296e-06,6.16605e-06,7.04912e-06,7.97167e-06,8.93299e-06,9.93214e-06,1.09679e-05,1.20389e-05,1.31433e-05,1.42792e-05,1.54443e-05,1.66361e-05,1.78517e-05,1.90878e-05,2.03411e-05,2.16076e-05,2.28831e-05,2.41633e-05,2.54432e-05,2.67176e-05,2.7981e-05,2.92276e-05,3.04512e-05,3.16453e-05,3.28033e-05,3.39181e-05,3.49826e-05,3.59895e-05,3.69312e-05,3.78002e-05,3.8589e-05,3.92899e-05,3.98956e-05,4.03988e-05,4.07926e-05,4.10703e-05,4.12257e-05,4.12532e-05,4.11478e-05,4.09051e-05,4.05217e-05,3.9995e-05,3.93236e-05,3.8507e-05,3.75462e-05,3.64433e-05,3.52019e-05,3.3827e-05,3.23253e-05,3.07049e-05,2.89758e-05,2.71495e-05,2.52392e-05,2.32598e-05,2.12279e-05,1.91616e-05,1.70808e-05,1.50065e-05,1.29612e-05,1.09687e-05,9.05361e-06,7.24141e-06,5.55822e-06,4.0305e-06,2.68477e-06,1.54735e-06,6.44091e-07,0
0,5.12987e-07,1.06269e-06,1.65047e-06,2.27747e-06,2.94454e-06,3.65234e-06,4.40127e-06,5.19152e-06,6.02304e-06,6.89556e-06,7.8086e-06,8.76143e-06,9.75308e-06,1.07823e-05,1.18477e-05,1.29476e-05,1.40798e-05,1.52421e-05,1.64319e-05,1.76464e-05,1.88822e-05,2.01359e-05,2.14034e-05,2.26806e-05,2.3963e-05,2.52454e-05,2.65227e-05,2.77892e-05,2.90389e-05,3.02655e-05,3.14624e-05,3.26227e-05,3.37393e-05,3.48048e-05,3.58117e-05,3.67523e-05,3.76188e-05,3.84035e-05,3.90986e-05,3.96965e-05,4.01898e-05,4.05713e-05,4.08343e-05,4.09725e-05,4.098e-05,4.08519e-05,4.05838e-05,4.01723e-05,3.96149e-05,3.89103e-05,3.80582e-05,3.70599e-05,3.59178e-05,3.4636e-05,3.322e-05,3.16771e-05,3.00161e-05,2.82477e-05,2.63844e-05,2.44403e-05,2.24314e-05,2.03755e-05,1.8292e-05,1.6202e-05,1.41281e-05,1.20943e-05,1.01258e-05,8.24895e-06,6.49089e-06,4.87941e-06,3.44262e-06,2.20868e-06,1.20553e-06,4.60498e-07,0
0,4.90958e-07,1.01974e-06,1.5877e-06,2.19597e-06,2.8454e-06,3.5366e-06,4.26998e-06,5.04569e-06,5.86367e-06,6.72364e-06,7.62508e-06,8.56725e-06,9.54917e-06,1.05696e-05,1.16271e-05,1.27199e-05,1.38459e-05,1.5003e-05,1.61883e-05,1.7399e-05,1.86319e-05,1.98832e-05,2.11492e-05,2.24254e-05,2.37072e-05,2.49895e-05,2.6267e-05,2.7534e-05,2.87842e-05,3.00114e-05,3.12086e-05,3.2369e-05,3.34851e-05,3.45495e-05,3.55543e-05,3.64919e-05,3.73541e-05,3.8133e-05,3.88208e-05,3.94095e-05,3.98917e-05,4.026e-05,4.05074e-05,4.06276e-05,4.06148e-05,4.04638e-05,4.01702e-05,3.97307e-05,3.91428e-05,3.84055e-05,3.75187e-05,3.64838e-05,3.53037e-05,3.39828e-05,3.25273e-05,3.09449e-05,2.92452e-05,2.74397e-05,2.55417e-05,2.35664e-05,2.15308e-05,1.94538e-05,1.73563e-05,1.52605e-05,1.31906e-05,1.11722e-05,9.23195e-06,7.39794e-06,5.69901e-06,4.16466e-06,2.82472e-06,1.70908e-06,8.47312e-07,2.68324e-07,0
0,4.67154e-07,9.73245e-07,1.51962e-06,2.10738e-06,2.73734e-06,3.41009e-06,4.126e-06,4.88519e-06,5.68758e-06,6.53285e-06,7.42048e-06,8.3497e-06,9.31952e-06,1.03287e-05,1.13757e-05,1.24589e-05,1.35761e-05,1.4725e-05,1.5903e-05,1.71072e-05,1.83341e-05,1.95803e-05,2.08417e-05,2.21139e-05,2.33922e-05,2.46715e-05,2.59463e-05,2.72108e-05,2.84588e-05,2.96837e-05,3.08787e-05,3.20365e-05,3.31496e-05,3.42105e-05,3.52111e-05,3.61435e-05,3.69995e-05,3.7771e-05,3.84498e-05,3.9028e-05,3.94979e-05,3.98519e-05,4.00831e-05,4.01849e-05,4.01514e-05,3.99773e-05,3.96585e-05,3.91914e-05,3.85739e-05,3.78048e-05,3.68844e-05,3.58143e-05,3.45978e-05,3.32398e-05,3.17468e-05,3.01273e-05,2.83915e-05,2.65516e-05,2.46219e-05,2.26184e-05,2.05593e-05,1.84648e-05,1.63568e-05,1.4259e-05,1.21971e-05,1.01981e-05,8.29048e-06,6.50387e-06,4.86889e-06,3.41682e-06,2.17928e-06,1.18794e-06,4.74094e-07,6.83068e-08,0
0,4.41577e-07,9.23216e-07,1.44623e-06,2.01167e-06,2.62032e-06,3.27272e-06,3.96918e-06,4.70981e-06,5.49446e-06,6.32281e-06,7.1943e-06,8.10814e-06,9.06331e-06,1.00586e-05,1.10924e-05,1.21631e-05,1.32685e-05,1.44064e-05,1.5574e-05,1.67684e-05,1.79864e-05,1.92241e-05,2.04776e-05,2.17426e-05,2.30141e-05,2.42872e-05,2.55561e-05,2.6815e-05,2.80576e-05,2.92772e-05,3.04668e-05,3.16192e-05,3.27267e-05,3.37815e-05,3.47754e-05,3.57004e-05,3.65481e-05,3.73103e-05,3.79786e-05,3.85449e-05,3.90013e-05,3.93402e-05,3.95545e-05,3.96375e-05,3.95832e-05,3.93864e-05,3.90428e-05,3.8549e-05,3.79029e-05,3.71034e-05,3.61511e-05,3.50479e-05,3.37974e-05,3.24047e-05,3.08771e-05,2.92235e-05,2.74547e-05,2.55839e-05,2.3626e-05,2.15982e-05,1.95196e-05,1.74114e-05,1.5297e-05,1.32014e-05,1.11517e-05,9.17642e-06,7.30572e-06,5.57097e-06,4.00454e-06,2.63954e-06,1.50946e-06,6.47787e-07,8.7656e-08,1.38625e-07,0
0,4.14247e-07,8.69687e-07,1.36758e-06,1.9089e-06,2.49438e-06,3.12449e-06,3.7995e-06,4.51944e-06,5.28414e-06,6.09322e-06,6.9461e-06,7.84197e-06,8.7798e-06,9.75832e-06,1.0776e-05,1.18312e-05,1.29217e-05,1.40452e-05,1.51991e-05,1.63804e-05,1.75858e-05,1.88116e-05,2.00537e-05,2.13078e-05,2.2569e-05,2.38321e-05,2.50915e-05,2.63413e-05,2.75751e-05,2.8786e-05,2.99671e-05,3.11109e-05,3.22097e-05,3.32556e-05,3.42402e-05,3.51554e-05,3.59926e-05,3.67435e-05,3.73995e-05,3.79525e-05,3.83943e-05,3.87173e-05,3.89142e-05,3.89782e-05,3.89034e-05,3.86844e-05,3.83169e-05,3.77976e-05,3.71245e-05,3.62967e-05,3.53148e-05,3.41811e-05,3.28995e-05,3.14755e-05,2.99168e-05,2.82328e-05,2.64353e-05,2.45377e-05,2.25561e-05,2.05083e-05,1.84147e-05,1.62976e-05,1.41814e-05,1.20926e-05,1.00596e-05,8.1125e-06,6.28314e-06,4.60458e-06,3.11101e-06,1.8374e-06,8.19175e-07,9.17617e-08,3.09795e-07,3.5132e-07,0
0,3.85206e-07,8.12735e-07,1.28376e-06,1.79919e-06,2.35964e-06,2.96552e-06,3.61701e-06,4.31409e-06,5.05653e-06,5.8439e-06,6.67558e-06,7.55074e-06,8.46833e-06,9.42709e-06,1.04255e-05,1.14618e-05,1.2534e-05,1.36396e-05,1.47761e-05,1.59406e-05,1.71296e-05,1.83395e-05,1.95663e-05,2.08056e-05,2.20524e-05,2.33017e-05,2.45477e-05,2.57845e-05,2.70056e-05,2.82042e-05,2.93731e-05,3.05049e-05,3.15917e-05,3.26255e-05,3.3598e-05,3.45007e-05,3.5325e-05,3.60625e-05,3.67045e-05,3.72426e-05,3.76687e-05,3.79751e-05,3.81542e-05,3.81993e-05,3.81044e-05,3.78641e-05,3.7474e-05,3.69311e-05,3.62331e-05,3.53796e-05,3.43712e-05,3.32104e-05,3.19014e-05,3.04502e-05,2.88649e-05,2.71554e-05,2.53339e-05,2.34148e-05,2.14147e-05,1.93524e-05,1.72492e-05,1.51284e-05,1.30157e-05,1.09387e-05,8.92732e-06,7.01315e-06,5.22954e-06,3.61134e-06,2.19454e-06,1.01607e-06,1.13306e-07,4.76258e-07,7.1554e-07,5.68363e-07,0
0,3.5452e-07,7.52491e-07,1.19497e-06,1.68275e-06,2.21634e-06,2.79604e-06,3.42193e-06,4.09392e-06,4.8117e-06,5.5748e-06,6.38256e-06,7.23411e-06,8.1284e-06,9.06416e-06,1.00399e-05,1.10538e-05,1.21039e-05,1.31878e-05,1.4303e-05,1.54464e-05,1.66149e-05,1.78048e-05,1.90119e-05,2.0232e-05,2.14602e-05,2.26912e-05,2.39195e-05,2.51389e-05,2.63431e-05,2.75252e-05,2.8678e-05,2.9794e-05,3.08652e-05,3.18835e-05,3.28406e-05,3.3728e-05,3.45369e-05,3.52587e-05,3.58847e-05,3.64065e-05,3.68159e-05,3.71049e-05,3.72661e-05,3.72926e-05,3.71784e-05,3.6918e-05,3.65072e-05,3.59429e-05,3.52229e-05,3.43469e-05,3.33157e-05,3.21321e-05,3.08005e-05,2.93272e-05,2.77207e-05,2.59914e-05,2.4152e-05,2.22176e-05,2.02053e-05,1.8135e-05,1.60285e-05,1.39102e-05,1.18069e-05,9.74754e-06,7.76309e-06,5.8867e-06,4.15328e-06,2.59936e-06,1.2628e-06,1.8245e-07,6.02204e-07,1.05153e-06,1.12626e-06,7.88029e-07,0
0,3.22288e-07,6.89143e-07,1.10148e-06,1.55992e-06,2.06485e-06,2.61642e-06,3.21463e-06,3.85925e-06,4.54991e-06,5.28608e-06,6.06704e-06,6.89192e-06,7.75964e-06,8.66892e-06,9.61827e-06,1.06059e-05,1.16299e-05,1.2688e-05,1.37775e-05,1.48956e-05,1.60389e-05,1.7204e-05,1.83868e-05,1.95829e-05,2.07876e-05,2.19956e-05,2.32013e-05,2.43987e-05,2.55813e-05,2.67424e-05,2.78747e-05,2.89705e-05,3.00221e-05,3.10213e-05,3.19596e-05,3.28284e-05,3.3619e-05,3.43227e-05,3.49309e-05,3.54349e-05,3.58264e-05,3.60975e-05,3.62408e-05,3.62493e-05,3.61168e-05,3.58381e-05,3.54089e-05,3.4826e-05,3.40876e-05,3.31932e-05,3.2144e-05,3.09428e-05,2.95943e-05,2.81051e-05,2.6484e-05,2.47419e-05,2.28919e-05,2.09495e-05,1.89327e-05,1.68617e-05,1.47593e-05,1.26508e-05,1.05638e-05,8.52836e-06,6.5767e-06,4.74327e-06,3.06448e-06,1.57852e-06,3.25064e-07,6.55023e-07,1.32012e-06,1.62831e-06,1.53793e-06,1.00823e-06,0
0,2.88646e-07,6.22959e-07,1.00365e-06,1.43116e-06,1.90569e-06,2.42724e-06,2.99565e-06,3.61059e-06,4.27159e-06,4.97806e-06,5.72922e-06,6.52418e-06,7.36184e-06,8.24094e-06,9.15999e-06,1.01173e-05,1.11109e-05,1.21385e-05,1.31976e-05,1.42854e-05,1.53987e-05,1.65339e-05,1.76872e-05,1.8854e-05,2.00299e-05,2.12095e-05,2.23874e-05,2.35575e-05,2.47135e-05,2.58485e-05,2.69554e-05,2.80265e-05,2.90541e-05,3.00299e-05,3.09455e-05,3.17923e-05,3.25616e-05,3.32447e-05,3.38328e-05,3.43174e-05,3.469e-05,3.49429e-05,3.50684e-05,3.50596e-05,3.49105e-05,3.46157e-05,3.4171e-05,3.35732e-05,3.28206e-05,3.19129e-05,3.08513e-05,2.96388e-05,2.82803e-05,2.67826e-05,2.51549e-05,2.34083e-05,2.15562e-05,1.96148e-05,1.76022e-05,1.55395e-05,1.34499e-05,1.13595e-05,9.2967e-06,7.29241e-06,5.37997e-06,3.59502e-06,1.97535e-06,5.60711e-07,6.07413e-07,1.48616e-06,2.03166e-06,2.19958e-06,1.94565e-06,1.22642e-06,0
0,2.53778e-07,5.54291e-07,9.02005e-07,1.29711e-06,1.7396e-06,2.22927e-06,2.76579e-06,3.34871e-06,3.97744e-06,4.65132e-06,5.36952e-06,6.13112e-06,6.93502e-06,7.77996e-06,8.66449e-06,9.58694e-06,1.05454e-05,1.15377e-05,1.25613e-05,1.36136e-05,1.46914e-05,1.57911e-05,1.69091e-05,1.8041e-05,1.91822e-05,2.03276e-05,2.14718e-05,2.26089e-05,2.37325e-05,2.48359e-05,2.5912e-05,2.69533e-05,2.7952e-05,2.88998e-05,2.97886e-05,3.06096e-05,3.13543e-05,3.20139e-05,3.25796e-05,3.30431e-05,3.33959e-05,3.36301e-05,3.37382e-05,3.37134e-05,3.35495e-05,3.32414e-05,3.27847e-05,3.21764e-05,3.14149e-05,3.04998e-05,2.94325e-05,2.82163e-05,2.6856e-05,2.53588e-05,2.37338e-05,2.19925e-05,2.01487e-05,1.82185e-05,1.62208e-05,1.41767e-05,1.21101e-05,1.00475e-05,8.01792e-06,6.05302e-06,4.18699e-06,2.45647e-06,9.00486e-07,4.39768e-07,1.5211e-06,2.29865e-06,2.72623e-06,2.75688e-06,2.34349e-06,1.43953e-06,0
0,2.17922e-07,4.83606e-07,7.97201e-07,1.1586e-06,1.56752e-06,2.02353e-06,2.5261e-06,3.07463e-06,3.66842e-06,4.3067e-06,4.98863e-06,5.71324e-06,6.47943e-06,7.28597e-06,8.13144e-06,9.01422e-06,9.93248e-06,1.08841e-05,1.18667e-05,1.28777e-05,1.3914e-05,1.49722e-05,1.60487e-05,1.71392e-05,1.82394e-05,1.93442e-05,2.04484e-05,2.1546e-05,2.2631e-05,2.36967e-05,2.4736e-05,2.57417e-05,2.6706e-05,2.76209e-05,2.84782e-05,2.92693e-05,2.99856e-05,3.06186e-05,3.11596e-05,3.16002e-05,3.19321e-05,3.21474e-05,3.22388e-05,3.21994e-05,3.20232e-05,3.1705e-05,3.12406e-05,3.0627e-05,2.98627e-05,2.89474e-05,2.78826e-05,2.66714e-05,2.53191e-05,2.38328e-05,2.22216e-05,2.04973e-05,1.86736e-05,1.6767e-05,1.47964e-05,1.27832e-05,1.07514e-05,8.72789e-06,6.74203e-06,4.82595e-06,3.01443e-06,1.34489e-06,1.42682e-07,1.40582e-06,2.39975e-06,3.07764e-06,3.39095e-06,3.28992e-06,2.72422e-06,1.64382e-06,0
0,1.81388e-07,4.11506e-07,6.90102e-07,1.0167e-06,1.39069e-06,1.81135e-06,2.27795e-06,2.78971e-06,3.3458e-06,3.94538e-06,4.58754e-06,5.2713e-06,5.99558e-06,6.75917e-06,7.56071e-06,8.39864e-06,9.27121e-06,1.01764e-05,1.1112e-05,1.20754e-05,1.30637e-05,1.40737e-05,1.51019e-05,1.61442e-05,1.71963e-05,1.82534e-05,1.93104e-05,2.03616e-05,2.1401e-05,2.24221e-05,2.34182e-05,2.4382e-05,2.5306e-05,2.61823e-05,2.70029e-05,2.77594e-05,2.84434e-05,2.90464e-05,2.956e-05,2.99759e-05,3.02858e-05,3.04822e-05,3.05576e-05,3.05055e-05,3.03197e-05,2.99954e-05,2.95283e-05,2.89157e-05,2.81558e-05,2.72487e-05,2.61957e-05,2.50001e-05,2.36671e-05,2.22038e-05,2.06194e-05,1.89256e-05,1.71362e-05,1.52675e-05,1.33384e-05,1.13703e-05,9.38722e-06,7.41597e-06,5.48603e-06,3.62966e-06,1.88191e-06,2.80647e-07,1.13347e-06,2.31701e-06,3.22381e-06,3.80521e-06,4.01024e-06,3.78616e-06,3.07903e-06,1.83469e-06,0
0,1.44576e-07,3.38764e-07,5.81808e-07,8.72774e-07,1.21065e-06,1.59443e-06,2.02309e-06,2.49568e-06,3.01125e-06,3.56887e-06,4.16759e-06,4.80643e-06,5.48432e-06,6.2001e-06,6.95246e-06,7.73995e-06,8.5609e-06,9.41343e-06,1.02954e-05,1.12044e-05,1.21377e-05,1.30922e-05,1.40646e-05,1.50511e-05,1.60474e-05,1.70491e-05,1.80511e-05,1.90481e-05,2.00343e-05,2.10034e-05,2.19489e-05,2.28638e-05,2.37409e-05,2.45724e-05,2.53506e-05,2.60674e-05,2.67145e-05,2.72839e-05,2.77671e-05,2.81561e-05,2.84431e-05,2.86204e-05,2.8681e-05,2.86182e-05,2.84264e-05,2.81006e-05,2.76368e-05,2.70322e-05,2.62852e-05,2.53959e-05,2.43657e-05,2.31978e-05,2.18972e-05,2.04712e-05,1.89287e-05,1.72812e-05,1.55424e-05,1.37283e-05,1.18575e-05,9.95119e-06,8.033e-06,6.12941e-06,4.26962e-06,2.48565e-06,8.12396e-07,7.12261e-07,2.0474e-06,3.14899e-06,3.96985e-06,4.45965e-06,4.5651e-06,4.23023e-06,3.39704e-06,2.00651e-06,0
0,1.08e-07,2.66372e-07,4.73722e-07,7.28556e-07,1.0294e-06,1.37487e-06,1.76369e-06,2.19471e-06,2.66685e-06,3.17912e-06,3.73053e-06,4.32012e-06,4.94683e-06,5.60959e-06,6.30716e-06,7.03817e-06,7.8011e-06,8.5942e-06,9.41547e-06,1.02627e-05,1.11333e-05,1.20244e-05,1.29328e-05,1.38551e-05,1.47872e-05,1.57249e-05,1.66634e-05,1.75976e-05,1.85221e-05,1.94309e-05,2.03178e-05,2.11761e-05,2.19988e-05,2.27786e-05,2.35081e-05,2.41794e-05,2.47848e-05,2.53163e-05,2.57659e-05,2.6126e-05,2.63888e-05,2.6547e-05,2.6594e-05,2.65233e-05,2.63293e-05,2.60074e-05,2.55536e-05,2.49653e-05,2.4241e-05,2.33807e-05,2.23858e-05,2.12595e-05,2.00067e-05,1.86343e-05,1.71512e-05,1.55684e-05,1.38991e-05,1.2159e-05,1.03661e-05,8.54084e-06,6.70639e-06,4.88845e-06,3.11548e-06,1.41877e-06,1.67415e-07,1.60573e-06,2.85555e-06,3.87278e-06,4.60969e-06,5.01467e-06,5.03225e-06,4.60314e-06,3.66475e-06,2.15222e-06,0
0,7.23253e-08,1.95607e-07,3.67636e-07,5.86235e-07,8.4939e-07,1.15531e-06,1.50246e-06,1.88948e-06,2.31519e-06,2.77855e-06,3.27857e-06,3.81428e-06,4.38472e-06,4.98887e-06,5.62559e-06,6.29365e-06,6.99165e-06,7.718e-06,8.47088e-06,9.24824e-06,1.00478e-05,1.08668e-05,1.17024e-05,1.25514e-05,1.341e-05,1.42743e-05,1.51398e-05,1.6002e-05,1.68554e-05,1.76948e-05,1.85141e-05,1.93071e-05,2.00672e-05,2.07877e-05,2.14614e-05,2.20809e-05,2.2639e-05,2.3128e-05,2.35404e-05,2.38689e-05,2.41063e-05,2.42456e-05,2.42804e-05,2.42047e-05,2.40131e-05,2.37011e-05,2.32651e-05,2.27026e-05,2.20121e-05,2.11936e-05,2.02486e-05,1.91799e-05,1.79924e-05,1.66925e-05,1.52888e-05,1.37916e-05,1.22138e-05,1.05701e-05,8.87765e-06,7.15609e-06,5.42739e-06,3.71612e-06,2.04953e-06,4.57623e-07,1.0266e-06,2.36696e-06,3.52386e-06,4.45388e-06,5.10941e-06,5.4382e-06,5.38299e-06,4.8812e-06,3.86514e-06,2.26285e-06,0
0,3.84243e-08,1.28123e-07,2.65845e-07,4.48578e-07,6.73701e-07,9.39013e-07,1.24269e-06,1.58325e-06,1.95941e-06,2.37011e-06,2.81439e-06,3.29132e-06,3.80003e-06,4.33957e-06,4.90896e-06,5.50708e-06,6.1327e-06,6.78439e-06,7.46055e-06,8.15935e-06,8.8787e-06,9.61625e-06,1.03693e-05,1.1135e-05,1.191e-05,1.26906e-05,1.34729e-05,1.42524e-05,1.50246e-05,1.57843e-05,1.65261e-05,1.72443e-05,1.79328e-05,1.85854e-05,1.91953e-05,1.9756e-05,2.02605e-05,2.07018e-05,2.1073e-05,2.13672e-05,2.15777e-05,2.16981e-05,2.17224e-05,2.16449e-05,2.14608e-05,2.11657e-05,2.07564e-05,2.02303e-05,1.95863e-05,1.88243e-05,1.79455e-05,1.69527e-05,1.58505e-05,1.46447e-05,1.33433e-05,1.19561e-05,1.04948e-05,8.97331e-06,7.40756e-06,5.81574e-06,4.21838e-06,2.63837e-06,1.10115e-06,3.65165e-07,1.72957e-06,2.95788e-06,4.01239e-06,4.85131e-06,5.42817e-06,5.69104e-06,5.58163e-06,5.03447e-06,3.97636e-06,2.32682e-06,0
0,7.46507e-09,6.61056e-08,1.71311e-07,3.19086e-07,5.06161e-07,7.29944e-07,9.88403e-07,1.27994e-06,1.60327e-06,1.95734e-06,2.34125e-06,2.75416e-06,3.19528e-06,3.66381e-06,4.15889e-06,4.67955e-06,5.22475e-06,5.79326e-06,6.38371e-06,6.99449e-06,7.62381e-06,8.26961e-06,8.92957e-06,9.6011e-06,1.02813e-05,1.09669e-05,1.16545e-05,1.23401e-05,1.30196e-05,1.36884e-05,1.43418e-05,1.49746e-05,1.55813e-05,1.61563e-05,1.66938e-05,1.71876e-05,1.76315e-05,1.80192e-05,1.83446e-05,1.86013e-05,1.87834e-05,1.88849e-05,1.89004e-05,1.88249e-05,1.86539e-05,1.83835e-05,1.80107e-05,1.75333e-05,1.695e-05,1.62609e-05,1.5467e-05,1.45709e-05,1.35766e-05,1.24895e-05,1.13167e-05,1.0067e-05,8.75112e-06,7.38148e-06,5.97249e-06,4.54058e-06,3.10425e-06,1.6842e-06,3.03421e-07,1.0126e-06,2.23567e-06,3.33454e-06,4.27446e-06,5.01652e-06,5.51676e-06,5.72501e-06,5.58336e-06,5.02445e-06,3.96973e-06,2.32863e-06,0
0,1.89349e-08,1.24981e-08,8.79144e-08,2.02211e-07,3.51517e-07,5.32954e-07,7.44388e-07,9.84218e-07,1.25122e-06,1.54442e-06,1.86301e-06,2.20628e-06,2.57357e-06,2.9642e-06,3.37747e-06,3.81261e-06,4.26875e-06,4.74488e-06,5.23988e-06,5.75242e-06,6.281e-06,6.82391e-06,7.37921e-06,7.94472e-06,8.51797e-06,9.09626e-06,9.67659e-06,1.02557e-05,1.08299e-05,1.13955e-05,1.19483e-05,1.24838e-05,1.29975e-05,1.34843e-05,1.39394e-05,1.43573e-05,1.47328e-05,1.50604e-05,1.53347e-05,1.55502e-05,1.57018e-05,1.57843e-05,1.5793e-05,1.57236e-05,1.5572e-05,1.53349e-05,1.50096e-05,1.45943e-05,1.40878e-05,1.34901e-05,1.28022e-05,1.20262e-05,1.11655e-05,1.02249e-05,9.21044e-06,8.12981e-06,6.99216e-06,5.80827e-06,4.5906e-06,3.35332e-06,2.11242e-06,8.85764e-07,3.06763e-07,1.4431e-06,2.49878e-06,3.44655e-06,4.25588e-06,4.89224e-06,5.31597e-06,5.48074e-06,5.33135e-06,4.80077e-06,3.80646e-06,2.24678e-06,0
0,3.84186e-08,2.85996e-08,2.08064e-08,1.03635e-07,2.15637e-07,3.5389e-07,5.16352e-07,7.01567e-07,9.08465e-07,1.13623e-06,1.38419e-06,1.65181e-06,1.93855e-06,2.24391e-06,2.56735e-06,2.90829e-06,3.26607e-06,3.63993e-06,4.02898e-06,4.43222e-06,4.84847e-06,5.27641e-06,5.7145e-06,6.16104e-06,6.61407e-06,7.07146e-06,7.5308e-06,7.9895e-06,8.44469e-06,8.89327e-06,9.33194e-06,9.75713e-06,1.01651e-05,1.05519e-05,1.09135e-05,1.12455e-05,1.15436e-05,1.18035e-05,1.20207e-05,1.21908e-05,1.23095e-05,1.23727e-05,1.23766e-05,1.23175e-05,1.21921e-05,1.19979e-05,1.17325e-05,1.13943e-05,1.09826e-05,1.04971e-05,9.93867e-06,9.30905e-06,8.61096e-06,7.84822e-06,7.02578e-06,6.14981e-06,5.22771e-06,4.26821e-06,3.28134e-06,2.27856e-06,1.27276e-06,2.78351e-07,6.88628e-07,1.61037e-06,2.4671e-06,3.23671e-06,3.8943e-06,4.41142e-06,4.7549e-06,4.88507e-06,4.753e-06,4.29618e-06,3.43212e-06,2.04957e-06,0
0,4.72738e-08,5.12427e-08,2.30614e-08,3.06053e-08,1.05716e-07,1.99728e-07,3.10979e-07,4.38337e-07,5.81e-07,7.38377e-07,9.10006e-07,1.0955e-06,1.29452e-06,1.50671e-06,1.73173e-06,1.96918e-06,2.21863e-06,2.47956e-06,2.75137e-06,3.03337e-06,3.32476e-06,3.62462e-06,3.93188e-06,4.24534e-06,4.56366e-06,4.8853e-06,5.20859e-06,5.53167e-06,5.85252e-06,6.16894e-06,6.47856e-06,6.77883e-06,7.06709e-06,7.34049e-06,7.59608e-06,7.83081e-06,8.04155e-06,8.22511e-06,8.37829e-06,8.49793e-06,8.58093e-06,8.62428e-06,8.62516e-06,8.58096e-06,8.48934e-06,8.34829e-06,8.15619e-06,7.91188e-06,7.61469e-06,7.26453e-06,6.86196e-06,6.40818e-06,5.90515e-06,5.3556e-06,4.76308e-06,4.13202e-06,3.46772e-06,2.77642e-06,2.06533e-06,1.34262e-06,6.17515e-07,9.96908e-08,7.97556e-07,1.46339e-06,2.08306e-06,2.6408e-06,3.11876e-06,3.49639e-06,3.74944e-06,3.84832e-06,3.75521e-06,3.41912e-06,2.7668e-06,1.68637e-06,0
0,3.89539e-08,4.64147e-08,3.42294e-08,7.7044e-09,3.04383e-08,7.86473e-08,1.35967e-07,2.01773e-07,2.75637e-07,3.57252e-07,4.46382e-07,5.42834e-07,6.4644e-07,7.57033e-07,8.74439e-07,9.98468e-07,1.1289e-06,1.26548e-06,1.4079e-06,1.55581e-06,1.7088e-06,1.8664e-06,2.02804e-06,2.1931e-06,2.36087e-06,2.53055e-06,2.70125e-06,2.87198e-06,3.04168e-06,3.20915e-06,3.37314e-06,3.53229e-06,3.68516e-06,3.83022e-06,3.96588e-06,4.09049e-06,4.20237e-06,4.29978e-06,4.381e-06,4.44429e-06,4.48799e-06,4.51045e-06,4.51013e-06,4.48562e-06,4.43562e-06,4.35905e-06,4.255e-06,4.12283e-06,3.96217e-06,3.77296e-06,3.55548e-06,3.31036e-06,3.03866e-06,2.74184e-06,2.42179e-06,2.0809e-06,1.72201e-06,1.34846e-06,9.64125e-07,5.73371e-07,1.81128e-07,2.0711e-07,5.85251e-07,9.46543e-07,1.28349e-06,1.58773e-06,1.84978e-06,2.05872e-06,2.20157e-06,2.26224e-06,2.21963e-06,2.04381e-06,1.68767e-06,1.06638e-06,0
0,0,0,0,0,0,0,0,0,0,0,0,0,0,0,0,0,0,0,0,0,0,0,0,0,0,0,0,0,0,0,0,0,0,0,0,0,0,0,0,0,0,0,0,0,0,0,0,0,0,0,0,0,0,0,0,0,0,0,0,0,0,0,0,0,0,0,0,0,0,0,0,0,0,0,0
