0,5.54135e-12,2.74802e-11,-1.07399e-11,-1.08011e-11,1.51941e-11,2.6974e-12,1.83089e-11,-4.03686e-11,4.8499e-11,-3.201e-11,5.76126e-11,-5.6291e-11,4.44205e-11,-6.02975e-11,3.86464e-11,-3.72911e-11,4.23892e-11,-3.59277e-11,2.28955e-11,-3.50244e-11,4.1922e-11,-3.45244e-11,2.90941e-11,-5.99814e-11,4.47482e-11,-5.34301e-11,4.90417e-11,-4.7601e-11,6.89333e-11,-5.23039e-11,7.85532e-11,-6.888e-11,7.14477e-11,-7.49436e-11,7.14984e-11,-5.46674e-11,7.65175e-11,-5.47482e-11,4.59375e-11,-6.20357e-11,7.22915e-11,-6.3979e-11,2.75762e-11,-3.40989e-11,6.82041e-11,-5.51186e-11,7.84883e-11,-6.29479e-11,6.41869e-11,-8.0929e-11,8.10854e-11,-6.28422e-11,7.27844e-11,-8.83595e-11,1.06235e-10,-1.04459e-10,7.82734e-11,-9.60902e-11,8.06981e-11,-5.18714e-11,5.02212e-11,-5.23475e-11,5.58096e-11,-7.46585e-11,5.17986e-11,-4.9095e-11,4.04548e-11,-7.48397e-11,9.98135e-11,-9.63709e-11,7.21982e-11,-3.05072e-11,-2.79599e-12,1.83054e-11,0
0,-1.66942e-11,1.5965e-11,6.40821e-12,8.25739e-12,-2.25286e-11,2.49543e-11,-3.29345e-11,4.79341e-11,-1.97762e-11,2.85381e-11,-5.17497e-11,4.9063e-11,-5.08793e-11,5.36273e-11,-5.12852e-11,4.55778e-11,-1.4639e-11,2.40101e-11,-2.60991e-11,2.89733e-11,-2.07301e-11,1.58007e-11,-3.89884e-11,2.51852e-11,-6.87441e-11,6.61728e-11,-3.91429e-11,6.91367e-11,-8.45288e-11,6.3082e-11,-8.37437e-11,9.69305e-11,-9.47127e-11,7.76117e-11,-5.59837e-11,6.35927e-11,-8.02372e-11,8.15517e-11,-7.61506e-11,7.21565e-11,-5.87121e-11,5.93685e-11,-5.19309e-11,5.94547e-11,-8.65255e-11,8.1001e-11,-9.49534e-11,8.12275e-11,-4.92424e-11,3.86766e-11,-5.59233e-11,6.45137e-11,-8.19345e-11,1.0262e-10,-1.08304e-10,1.03554e-10,-9.90461e-11,8.46594e-11,-7.33635e-11,4.56488e-11,-2.9841e-11,3.6712e-11,-5.31539e-11,7.45199e-11,-5.83249e-11,6.60219e-11,-7.64704e-11,8.53024e-11,-1.25352e-10,7.97673e-11,-8.3558e-11,2.72458e-11,-2.30838e-11,1.03118e-12,0
0,6.64446e-12,-7.61169e-13,1.11786e-11,-1.51168e-11,4.48441e-11,-3.24247e-11,4.01528e-11,-3.40075e-11,2.36735e-11,-1.02602e-11,3.52838e-11,-3.64073e-11,5.82823e-11,-6.41824e-11,5.03535e-11,-3.1692e-11,2.26388e-11,-2.98996e-11,1.98801e-11,-2.19282e-11,2.51124e-11,-3.44684e-11,2.52385e-11,-3.74811e-11,6.63887e-11,-3.59828e-11,4.99876e-11,-6.50013e-11,7.79776e-11,-7.19336e-11,9.22906e-11,-7.43281e-11,7.27525e-11,-7.15374e-11,6.77272e-11,-7.20251e-11,9.87246e-11,-9.37357e-11,9.62856e-11,-6.58247e-11,4.95088e-11,-6.98543e-11,3.87264e-11,-4.64784e-11,5.87761e-11,-7.13047e-11,7.67759e-11,-8.07923e-11,7.63585e-11,-4.26326e-11,8.10871e-11,-1.13017e-10,1.06166e-10,-1.0118e-10,1.12585e-10,-1.07827e-10,8.92442e-11,-7.83373e-11,8.63523e-11,-5.36051e-11,5.14468e-11,-7.20348e-11,2.58513e-11,-6.25135e-11,4.52385e-11,-4.4313e-11,6.34977e-11,-5.03118e-11,7.99183e-11,-8.29203e-11,7.44915e-11,-2.91145e-11,2.89315e-11,-3.65041e-13,0
0,1.33218e-11,1.48503e-11,-6.95266e-12,3.51941e-11,-5.12204e-11,4.22471e-11,-3.80354e-11,3.02505e-11,-3.6775e-11,2.55316e-11,-1.64793e-11,2.92895e-11,-5.07914e-11,4.82485e-11,-6.51408e-11,3.33404e-11,-1.66045e-11,1.55982e-11,-4.26796e-11,4.3979e-11,-2.88081e-11,2.28972e-12,-6.93667e-13,3.49401e-11,-3.49729e-11,3.93516e-11,-5.53442e-11,5.97531e-11,-3.50227e-11,6.38343e-11,-7.18421e-11,8.31717e-11,-6.09131e-11,7.21769e-11,-9.73195e-11,9.05374e-11,-6.45448e-11,7.2081e-11,-7.3296e-11,4.76525e-11,-2.49747e-11,2.6172e-11,-2.84901e-11,6.37037e-11,-5.71347e-11,6.78249e-11,-6.40483e-11,9.07239e-11,-9.38556e-11,7.40723e-11,-8.02238e-11,9.85683e-11,-8.06271e-11,1.28512e-10,-1.1107e-10,9.11378e-11,-7.11644e-11,9.4543e-11,-9.44826e-11,6.5258e-11,-3.79163e-11,5.51186e-11,-4.87237e-11,5.83018e-11,-5.41043e-11,5.12568e-11,-8.6585e-11,7.45661e-11,-1.01595e-10,5.85683e-11,-2.46914e-11,1.97833e-11,-3.89875e-11,3.12763e-11,0
0,4.9063e-12,-1.40004e-11,1.5679e-11,-4.01634e-11,5.61498e-11,-3.66827e-11,8.41549e-12,-3.21654e-11,3.18199e-11,-1.36495e-11,1.15969e-11,-1.04379e-11,3.51355e-11,-4.54845e-11,6.87779e-11,-3.31966e-11,8.55138e-12,6.95444e-13,1.44738e-11,-1.89502e-11,-1.57296e-12,2.10232e-12,2.3836e-11,-3.56009e-11,4.38183e-11,-1.45999e-11,2.71498e-11,-3.17577e-11,2.42828e-11,-3.19753e-11,3.37499e-11,-5.60307e-11,6.13651e-11,-7.77218e-11,8.92948e-11,-8.13491e-11,8.96305e-11,-3.6172e-11,5.05995e-11,-6.62093e-11,2.82991e-11,-4.53326e-11,5.4909e-11,-7.27045e-11,5.62981e-11,-6.5393e-11,9.08891e-11,-9.77991e-11,7.88329e-11,-7.05747e-11,8.68177e-11,-1.21375e-10,1.07704e-10,-1.03231e-10,9.2431e-11,-7.81579e-11,7.57563e-11,-1.12346e-10,1.04375e-10,-8.77236e-11,8.69509e-11,-3.75309e-11,1.4893e-11,-6.08704e-11,6.56399e-11,-6.9857e-11,1.19135e-10,-1.01844e-10,5.32463e-11,-5.76073e-11,1.39444e-11,1.84057e-11,3.1779e-12,-1.15525e-11,0
0,-1.14158e-11,4.22213e-11,-3.49401e-11,4.59632e-11,-5.68514e-11,4.10454e-11,-2.86731e-11,3.00382e-11,-3.24727e-11,1.53246e-11,-2.92015e-11,7.36922e-12,-6.62226e-12,1.78799e-11,-3.79439e-11,2.32534e-11,-4.38671e-12,4.76064e-13,9.96625e-12,6.88516e-12,5.08749e-12,2.79066e-12,-7.52642e-12,1.5933e-11,-5.4512e-11,4.01785e-11,-1.99236e-11,2.85443e-11,-1.37614e-11,2.95399e-11,-2.26965e-11,2.37881e-11,-7.40208e-11,8.44231e-11,-7.10987e-11,7.83738e-11,-5.46034e-11,4.35252e-11,-4.47127e-11,3.34079e-11,-2.92424e-11,4.87379e-11,-3.91953e-11,7.95133e-11,-5.45732e-11,6.46754e-11,-9.21734e-11,8.84715e-11,-6.72262e-11,6.79758e-11,-8.69065e-11,1.01597e-10,-9.12745e-11,6.96758e-11,-8.0373e-11,8.88853e-11,-1.19178e-10,1.21428e-10,-9.66924e-11,1.1342e-10,-1.05775e-10,8.99671e-11,-1.71738e-11,4.70752e-11,-6.31779e-11,8.59082e-11,-1.14557e-10,1.0084e-10,-6.43556e-11,7.12443e-11,-1.9627e-11,-2.61489e-11,2.54978e-11,9.01856e-12,0
0,2.81339e-11,-4.02967e-11,3.9841e-11,-2.23954e-11,4.72538e-11,-3.09734e-11,3.75247e-11,-3.86322e-11,4.51141e-11,-3.10365e-11,4.66791e-11,-1.55875e-11,3.92131e-11,-2.27844e-11,2.45377e-11,-1.09006e-11,1.68123e-11,-1.52296e-11,3.11129e-12,2.42473e-12,4.76152e-12,-2.25482e-11,4.88747e-11,-3.67724e-11,4.00222e-11,-3.4647e-11,3.51621e-11,-4.04849e-11,2.59375e-11,-2.7212e-11,4.33573e-11,-3.74731e-11,5.54001e-11,-6.14309e-11,8.8213e-11,-5.19815e-11,3.6354e-11,-2.66525e-11,4.1366e-11,-3.89644e-11,5.45715e-11,-5.03846e-11,4.94111e-11,-7.2319e-11,5.09797e-11,-5.38254e-11,7.39018e-11,-6.50342e-11,8.22418e-11,-7.95399e-11,1.10944e-10,-1.20206e-10,8.83063e-11,-7.23777e-11,9.72431e-11,-1.05308e-10,1.22366e-10,-1.20664e-10,1.23727e-10,-1.11577e-10,9.62572e-11,-1.01812e-10,6.97646e-11,-6.65814e-11,6.57749e-11,-8.44658e-11,6.23981e-11,-8.71943e-11,9.26157e-11,-6.23199e-11,2.9698e-11,1.3074e-11,-3.32561e-11,-7.38254e-12,0
0,3.85203e-12,1.31495e-11,-3.15739e-11,3.07834e-11,-4.93028e-11,4.23679e-11,-4.07914e-11,4.42046e-11,-6.46727e-11,5.06626e-11,-3.06608e-11,4.08038e-11,-5.49853e-11,5.43938e-11,-4.13847e-11,2.83924e-11,-1.36211e-11,2.90648e-11,-2.30251e-11,-1.37046e-12,1.12443e-12,7.29372e-12,-3.51701e-11,3.43272e-11,-2.33911e-11,1.68106e-11,-3.82583e-11,6.24674e-11,-4.77076e-11,4.04201e-11,-5.13154e-11,5.12168e-11,-5.76366e-11,7.98694e-11,-4.93765e-11,4.67857e-11,-1.90461e-11,2.2494e-11,-3.92397e-11,5.03988e-11,-6.12612e-11,7.57794e-11,-7.54152e-11,3.91367e-11,-3.21041e-11,4.34692e-11,-5.75735e-11,6.01919e-11,-6.30234e-11,1.05663e-10,-1.04626e-10,1.0521e-10,-5.7284e-11,7.32818e-11,-1.28566e-10,1.25691e-10,-1.2029e-10,1.30884e-10,-9.42784e-11,9.70495e-11,-8.3002e-11,7.44187e-11,-4.59419e-11,6.81428e-11,-5.27738e-11,7.41327e-11,-7.41238e-11,6.54961e-11,-7.43334e-11,6.35199e-11,-2.12186e-11,-4.02256e-12,8.95017e-12,1.23608e-11,0
0,-9.06564e-12,-5.92593e-12,5.96074e-11,-5.22764e-11,4.75282e-11,-1.73426e-11,3.71676e-11,-3.73506e-11,3.39382e-11,-3.50635e-11,2.11022e-11,-4.20446e-11,6.11928e-11,-7.8022e-11,6.19202e-11,-3.3948e-11,1.77991e-11,-1.46692e-11,9.77263e-12,7.59925e-12,2.1414e-12,-2.61506e-11,3.39169e-11,-4.02043e-11,4.90221e-11,-5.13802e-11,5.05569e-11,-7.79199e-11,7.33618e-11,-5.25189e-11,6.74651e-11,-6.71871e-11,6.15463e-11,-9.45306e-11,6.29612e-11,-4.02256e-11,3.48184e-11,-6.16254e-11,6.14655e-11,-3.84563e-11,4.54623e-11,-8.85958e-11,7.75096e-11,-3.1454e-11,6.46505e-11,-7.1612e-11,8.61462e-11,-8.58442e-11,8.53735e-11,-9.04716e-11,8.66649e-11,-7.2065e-11,7.46159e-11,-7.28804e-11,1.08706e-10,-1.26411e-10,1.37877e-10,-1.5338e-10,1.34582e-10,-1.06729e-10,9.87601e-11,-7.28662e-11,5.78879e-11,-7.68186e-11,9.36957e-11,-1.21473e-10,8.54765e-11,-8.3789e-11,8.41611e-11,-8.97611e-11,5.03659e-11,-2.31628e-11,-5.7776e-12,-3.22657e-11,0
0,-2.41496e-12,2.63256e-11,-6.0469e-11,4.4909e-11,-5.59091e-11,2.64011e-11,-2.67057e-11,6.21503e-11,-3.6291e-11,4.85096e-11,-2.18163e-11,2.21725e-11,-3.38529e-11,6.43183e-11,-3.13012e-11,2.82121e-11,-1.29479e-11,2.86526e-12,3.64331e-12,6.18439e-12,-4.30767e-13,2.99307e-11,-4.03881e-11,4.54348e-11,-3.86349e-11,6.63851e-11,-6.99316e-11,8.24381e-11,-8.52909e-11,6.16769e-11,-6.65326e-11,8.93356e-11,-3.95382e-11,6.70148e-11,-6.62652e-11,7.17666e-11,-7.18945e-11,7.47029e-11,-5.51452e-11,6.19664e-11,-5.34151e-11,8.49649e-11,-6.81979e-11,5.71561e-11,-7.8936e-11,9.34666e-11,-8.4583e-11,8.9015e-11,-8.44445e-11,6.36771e-11,-8.76774e-11,9.33547e-11,-7.51204e-11,8.23448e-11,-8.73204e-11,8.4162e-11,-1.15135e-10,1.45953e-10,-1.22558e-10,8.20393e-11,-1.01661e-10,6.3288e-11,-7.68399e-11,1.10649e-10,-1.35056e-10,1.59526e-10,-9.30296e-11,1.16672e-10,-9.32809e-11,1.0444e-10,-8.88001e-11,6.66018e-11,-4.66676e-11,3.07177e-11,0
0,1.59774e-11,-2.99814e-11,4.6235e-11,-5.07407e-11,4.65992e-11,-3.05436e-11,4.52394e-11,-5.19309e-11,3.35847e-11,-3.82894e-11,9.8197e-12,-5.23936e-12,4.94174e-11,-4.13385e-11,3.22409e-11,-2.33262e-11,2.63549e-11,-1.42846e-11,2.61231e-11,-2.21672e-11,2.32809e-11,-4.21236e-11,2.37161e-11,-3.03375e-11,4.34834e-11,-5.79297e-11,5.97762e-11,-6.35412e-11,9.0985e-11,-7.84039e-11,5.65699e-11,-6.74234e-11,5.87086e-11,-5.07239e-11,7.79128e-11,-8.54126e-11,9.09406e-11,-8.98552e-11,5.46496e-11,-5.45732e-11,7.06368e-11,-7.78666e-11,8.81411e-11,-7.49338e-11,7.81508e-11,-1.1782e-10,1.03322e-10,-1.00973e-10,9.81419e-11,-7.13314e-11,8.37481e-11,-1.05608e-10,1.08804e-10,-9.70886e-11,9.90212e-11,-8.08367e-11,9.96838e-11,-1.16827e-10,8.42046e-11,-8.19753e-11,8.73026e-11,-8.13891e-11,8.91429e-11,-9.41913e-11,1.32818e-10,-1.32648e-10,1.20204e-10,-1.02591e-10,1.06342e-10,-1.10512e-10,7.41958e-11,-8.70752e-11,6.5544e-11,-2.12239e-11,0
0,4.79616e-13,2.6052e-11,-3.35012e-11,4.11173e-11,-1.59668e-11,2.38627e-11,-3.87974e-11,5.48868e-11,-4.91012e-11,4.79794e-11,-2.28946e-11,2.86695e-11,-1.81473e-11,1.77227e-11,7.14095e-13,-8.4821e-13,-8.45546e-12,2.43867e-11,-3.76543e-11,5.88596e-12,-2.00986e-11,3.50235e-11,-3.37588e-11,4.97593e-11,-3.8832e-11,5.02203e-11,-5.25686e-11,6.25953e-11,-6.57572e-11,6.72102e-11,-5.71827e-11,4.44551e-11,-3.73142e-11,6.62848e-11,-7.88241e-11,1.04302e-10,-9.58345e-11,8.8944e-11,-6.17693e-11,5.95932e-11,-7.45999e-11,8.4821e-11,-9.65574e-11,1.12133e-10,-1.11148e-10,1.25672e-10,-1.06404e-10,1.27633e-10,-1.28928e-10,8.51763e-11,-9.14309e-11,9.58522e-11,-9.29248e-11,1.01625e-10,-1.20281e-10,1.45976e-10,-1.41332e-10,1.15689e-10,-9.41327e-11,5.35056e-11,-7.10134e-11,7.66072e-11,-9.892e-11,1.09605e-10,-1.36758e-10,1.44691e-10,-1.50311e-10,9.4742e-11,-1.22011e-10,6.13003e-11,-7.4043e-11,1.10773e-10,-6.30225e-11,6.43725e-11,0
0,-1.36247e-12,-1.27098e-11,3.96154e-11,-5.67102e-11,2.89537e-11,-2.0095e-11,4.41602e-11,-4.95612e-11,4.6982e-11,-5.91518e-11,3.45519e-11,-4.09033e-11,2.45199e-11,-1.85985e-11,6.95444e-12,1.26121e-12,4.23217e-11,-3.87805e-11,3.52776e-11,-1.06244e-11,3.27534e-11,-3.4885e-11,5.16991e-11,-5.0747e-11,4.30376e-11,-5.63132e-11,6.6084e-11,-3.81952e-11,5.65006e-11,-7.13047e-11,7.82592e-11,-6.23235e-11,6.38885e-11,-8.197e-11,9.09228e-11,-1.24945e-10,1.09649e-10,-8.4194e-11,8.73719e-11,-7.75326e-11,7.4369e-11,-7.16529e-11,1.06219e-10,-1.25713e-10,1.45267e-10,-1.38405e-10,1.11473e-10,-1.37865e-10,1.36513e-10,-1.01009e-10,1.06164e-10,-1.08292e-10,1.09935e-10,-9.50635e-11,1.58458e-10,-1.43938e-10,1.51797e-10,-1.13051e-10,8.67377e-11,-8.79048e-11,8.07034e-11,-9.45217e-11,8.72049e-11,-1.10198e-10,1.18408e-10,-1.50518e-10,1.50492e-10,-9.59259e-11,6.00462e-11,-8.17533e-11,6.4154e-11,-6.51923e-11,4.5139e-11,-4.54188e-11,0
0,-1.61204e-11,1.04041e-11,-2.19478e-11,2.97291e-11,-1.3415e-11,3.50013e-11,-4.93383e-11,5.4575e-11,-4.78053e-11,5.00444e-11,-4.85363e-11,3.86056e-11,-1.85754e-11,7.78755e-12,1.43174e-12,7.03793e-12,-2.90132e-11,3.23723e-11,-3.20703e-11,2.21521e-11,-1.89155e-11,2.33662e-11,-2.17097e-11,3.62146e-11,-5.12568e-11,4.74536e-11,-8.33555e-11,6.82494e-11,-6.11333e-11,8.23359e-11,-7.24789e-11,7.39835e-11,-6.89138e-11,8.26166e-11,-9.74136e-11,1.27599e-10,-9.96518e-11,8.13785e-11,-7.23421e-11,8.84093e-11,-7.13616e-11,8.32756e-11,-8.58105e-11,1.10353e-10,-1.19904e-10,1.1608e-10,-1.26073e-10,1.43544e-10,-1.00407e-10,1.06679e-10,-1.30246e-10,1.12125e-10,-1.36554e-10,1.48988e-10,-1.52808e-10,1.57721e-10,-1.59071e-10,1.21341e-10,-7.38645e-11,8.50804e-11,-8.21228e-11,8.11848e-11,-3.87459e-11,8.16573e-11,-9.74918e-11,1.4443e-10,-1.09944e-10,8.91722e-11,-8.77751e-11,9.77511e-11,-7.98739e-11,6.00329e-11,-4.33733e-11,1.46345e-11,0
0,8.34799e-12,-2.37685e-11,4.92957e-11,-4.15357e-11,4.87219e-11,-5.02407e-11,4.65512e-11,-3.80194e-11,3.9126e-11,-3.9571e-11,4.90301e-11,-4.0929e-11,1.61373e-11,-1.8364e-11,1.51825e-11,9.33387e-12,8.32312e-12,-1.80203e-11,2.5647e-11,-2.67528e-11,3.99272e-11,-3.00826e-11,2.49347e-11,-3.55804e-11,3.31166e-11,-5.37881e-11,7.00435e-11,-7.52252e-11,7.32445e-11,-9.1406e-11,9.88489e-11,-6.19096e-11,6.56595e-11,-5.77103e-11,8.52456e-11,-1.0205e-10,8.19576e-11,-5.43707e-11,6.24603e-11,-9.31824e-11,7.87157e-11,-9.94014e-11,9.9396e-11,-1.11804e-10,1.21252e-10,-1.20142e-10,1.13742e-10,-1.25326e-10,9.94156e-11,-1.00991e-10,1.11122e-10,-1.30468e-10,1.67054e-10,-1.54744e-10,1.49274e-10,-1.50409e-10,1.42236e-10,-1.38973e-10,9.29958e-11,-9.05729e-11,7.4154e-11,-6.10108e-11,1.54294e-11,-5.54436e-11,8.61817e-11,-1.28858e-10,1.06138e-10,-1.24806e-10,8.89289e-11,-6.31504e-11,5.04441e-11,-5.81135e-12,1.6545e-11,1.0846e-11,0
0,-8.06555e-12,2.15312e-11,-4.14611e-11,5.68416e-11,-5.46825e-11,4.5401e-11,-2.90701e-12,1.93197e-11,-3.4059e-11,3.75016e-11,-3.76641e-11,3.85025e-11,-2.9063e-11,2.34293e-11,-3.51443e-11,4.14122e-11,-7.23066e-12,3.92673e-11,-3.38671e-11,2.23359e-11,-3.48965e-11,4.64944e-11,-4.58051e-11,5.7911e-11,-7.31681e-11,6.92832e-11,-7.16405e-11,7.89768e-11,-8.78408e-11,8.03695e-11,-9.00702e-11,8.75495e-11,-6.17391e-11,6.23199e-11,-7.16796e-11,7.34595e-11,-6.86207e-11,8.63682e-11,-9.46851e-11,9.31912e-11,-7.29745e-11,1.20917e-10,-1.14824e-10,8.03695e-11,-8.46114e-11,1.09416e-10,-1.13122e-10,1.06059e-10,-1.25643e-10,1.14097e-10,-1.08999e-10,1.46535e-10,-1.55605e-10,1.55062e-10,-1.69804e-10,1.65013e-10,-1.59385e-10,1.21616e-10,-1.028e-10,6.45013e-11,-6.37019e-11,7.50084e-11,-5.37757e-11,4.06608e-11,-4.09166e-11,1.06415e-10,-1.02005e-10,9.36078e-11,-8.78106e-11,7.43059e-11,-2.76108e-11,1.61249e-11,6.10978e-12,-2.19864e-11,0
0,-8.475e-12,-6.08491e-12,2.32889e-11,-3.61995e-11,3.90417e-11,-3.91589e-11,6.71196e-12,-1.32792e-11,3.15383e-11,-3.9706e-11,3.67022e-11,-4.01403e-11,4.78977e-11,-4.18057e-11,4.7816e-11,-3.93694e-11,3.17097e-11,-3.18732e-11,3.749e-11,-3.22373e-11,3.78808e-11,-5.43086e-11,5.85647e-11,-6.00497e-11,6.62812e-11,-8.26201e-11,7.89662e-11,-8.24283e-11,7.48699e-11,-9.6124e-11,7.62768e-11,-6.91411e-11,8.12648e-11,-7.35465e-11,7.50813e-11,-7.90639e-11,7.59623e-11,-8.74678e-11,8.51657e-11,-8.91784e-11,1.03775e-10,-1.25338e-10,1.21744e-10,-9.70761e-11,8.44356e-11,-8.5258e-11,1.02089e-10,-1.24574e-10,1.22149e-10,-1.04077e-10,1.15644e-10,-1.20151e-10,1.44903e-10,-1.55589e-10,1.41885e-10,-1.40206e-10,1.14316e-10,-1.04061e-10,1.38776e-10,-8.60663e-11,8.85958e-11,-6.88729e-11,4.08029e-11,-7.55005e-11,4.91189e-11,-7.80407e-11,9.9873e-11,-1.26388e-10,9.84013e-11,-7.01545e-11,3.9913e-11,-3.32472e-11,-2.02327e-12,3.17284e-11,0
0,-9.95293e-12,-1.80389e-12,-2.38831e-11,3.71907e-11,-2.4567e-11,2.97016e-11,-2.82965e-11,4.41647e-11,-3.4369e-11,3.16271e-11,-6.2113e-11,3.86908e-11,-5.09965e-11,5.06386e-11,-4.7919e-11,4.30962e-11,-4.42224e-11,4.57181e-11,-6.44693e-11,6.51106e-11,-4.84874e-11,8.95088e-11,-7.35554e-11,5.93694e-11,-7.0921e-11,9.09601e-11,-8.89546e-11,9.29674e-11,-8.83347e-11,8.13642e-11,-7.86073e-11,8.33573e-11,-9.16813e-11,5.91687e-11,-7.78417e-11,7.4154e-11,-7.81206e-11,9.58238e-11,-9.52145e-11,8.90275e-11,-8.79794e-11,1.05121e-10,-1.27264e-10,8.85816e-11,-8.48743e-11,1.08699e-10,-9.50457e-11,1.17286e-10,-1.26134e-10,1.23782e-10,-1.18565e-10,1.3064e-10,-1.45516e-10,1.41991e-10,-1.06194e-10,9.32729e-11,-9.67955e-11,7.26352e-11,-1.02524e-10,6.71161e-11,-7.60725e-11,9.63727e-11,-8.5036e-11,1.06939e-10,-1.02854e-10,8.60885e-11,-1.16566e-10,9.13269e-11,-1.01542e-10,5.50155e-11,-5.32312e-11,2.36318e-11,1.74247e-11,-2.71569e-11,0
0,2.74651e-11,-1.04254e-11,8.36842e-12,-4.00968e-11,3.99618e-11,-1.96234e-11,2.37721e-11,-4.09806e-11,4.31282e-11,-3.85532e-11,2.03517e-11,-2.99405e-11,4.04299e-11,-4.19469e-11,2.43858e-11,-2.62599e-11,4.74323e-11,-4.60574e-11,6.43432e-11,-5.95222e-11,4.55014e-11,-5.05516e-11,8.62475e-11,-5.60849e-11,6.81943e-11,-8.17426e-11,8.81979e-11,-6.73896e-11,8.85549e-11,-8.00906e-11,7.28413e-11,-6.22737e-11,7.30225e-11,-8.12932e-11,7.51896e-11,-7.35163e-11,8.61569e-11,-7.47811e-11,1.29628e-10,-1.0289e-10,1.15499e-10,-1.12857e-10,1.08564e-10,-1.12202e-10,1.22172e-10,-1.12923e-10,9.92664e-11,-1.20993e-10,1.44913e-10,-1.43764e-10,1.49662e-10,-1.30674e-10,9.80229e-11,-9.67422e-11,9.24647e-11,-8.39879e-11,9.32925e-11,-7.31575e-11,6.86615e-11,-6.42544e-11,7.6902e-11,-8.67821e-11,9.5949e-11,-8.46461e-11,1.08759e-10,-8.2677e-11,6.27516e-11,-6.54019e-11,7.14779e-11,-6.70726e-11,6.56413e-11,-1.36491e-11,-1.68501e-11,2.32896e-11,0
0,-2.88747e-12,7.11875e-12,2.25242e-12,3.82698e-11,-3.8451e-11,2.32543e-11,-1.66391e-11,3.82752e-11,-3.91402e-11,4.19274e-11,-3.23812e-11,4.6164e-11,-4.26699e-11,1.92557e-11,1.90248e-12,8.29736e-12,-4.82547e-11,5.88045e-11,-5.82272e-11,4.61586e-11,-3.07718e-11,2.94822e-11,-5.61204e-11,4.85763e-11,-6.72777e-11,7.41416e-11,-7.24061e-11,6.32578e-11,-6.00444e-11,8.53078e-11,-8.91909e-11,7.49019e-11,-7.07026e-11,7.10152e-11,-6.42331e-11,9.45413e-11,-1.25203e-10,9.37543e-11,-1.28271e-10,1.14367e-10,-1.31319e-10,1.19378e-10,-1.02244e-10,1.26036e-10,-1.22993e-10,1.12342e-10,-1.07322e-10,1.01089e-10,-1.18771e-10,1.68781e-10,-1.41487e-10,1.30973e-10,-1.20064e-10,9.19833e-11,-1.11973e-10,8.60325e-11,-9.93445e-11,8.63185e-11,-8.56097e-11,4.63061e-11,-6.74909e-11,6.14122e-11,-1.11463e-10,1.33092e-10,-9.4019e-11,8.66054e-11,-6.31895e-11,3.95612e-11,-6.9722e-11,5.27773e-11,-3.77005e-11,1.15232e-11,1.58846e-11,-4.71356e-12,0
0,2.23466e-12,-1.88294e-13,7.12141e-12,-3.87654e-11,2.28262e-11,-1.14557e-11,7.36655e-12,-2.0032e-11,2.41105e-11,-1.51008e-11,3.0683e-11,-5.2081e-11,4.78568e-11,-3.15623e-11,2.24922e-11,-2.18989e-11,3.33209e-11,-4.44089e-11,2.18989e-11,-3.07843e-11,1.39089e-11,-4.78479e-11,6.05507e-11,-6.31672e-11,6.69473e-11,-7.88365e-11,8.64144e-11,-6.57909e-11,6.54161e-11,-7.59783e-11,8.39684e-11,-9.00648e-11,8.12719e-11,-7.6918e-11,6.48956e-11,-1.05983e-10,1.45652e-10,-1.20938e-10,8.45244e-11,-1.03235e-10,1.12395e-10,-1.15953e-10,1.28956e-10,-1.36225e-10,1.09935e-10,-1.04489e-10,1.35588e-10,-1.0896e-10,1.29882e-10,-1.53749e-10,1.56929e-10,-1.63768e-10,1.30914e-10,-9.36531e-11,3.78062e-11,-4.26592e-11,8.02398e-11,-1.07763e-10,8.37783e-11,-8.8793e-11,8.96279e-11,-1.07717e-10,9.36033e-11,-1.03729e-10,6.67058e-11,-6.01359e-11,6.12923e-11,-4.87876e-11,1.41798e-11,-3.88756e-11,3.98823e-11,-9.0723e-12,-7.48868e-12,-1.28804e-11,0
0,-4.86722e-13,-5.45164e-12,2.75513e-12,4.80291e-11,-3.39195e-11,-2.30926e-14,-6.13909e-12,2.58886e-11,-3.54934e-11,3.46088e-11,-3.94067e-11,3.64224e-11,-1.87281e-11,2.15827e-11,-2.9944e-11,3.77582e-11,-4.45972e-11,4.99547e-11,-3.55893e-11,1.05356e-11,-2.39027e-11,4.74856e-11,-5.5099e-11,6.27516e-11,-7.40883e-11,6.21618e-11,-4.21512e-11,3.4138e-11,-3.93729e-11,7.96305e-11,-9.69678e-11,6.52136e-11,-5.79909e-11,6.76508e-11,-4.61391e-11,1.09525e-10,-1.32891e-10,9.92291e-11,-9.39533e-11,1.06027e-10,-1.14039e-10,1.26645e-10,-1.30692e-10,1.21283e-10,-1.30644e-10,1.18865e-10,-1.1161e-10,1.3744e-10,-1.20153e-10,1.42759e-10,-1.30717e-10,1.19083e-10,-1.13365e-10,8.97948e-11,-2.3288e-11,2.54552e-11,-1.00556e-10,9.51026e-11,-8.61302e-11,8.79101e-11,-9.45608e-11,1.03519e-10,-1.05133e-10,9.53824e-11,-9.26885e-11,8.31557e-11,-6.43725e-11,6.89875e-11,-8.00098e-11,8.89351e-11,-8.84159e-11,3.84559e-11,-3.58186e-11,1.79272e-11,0
0,3.92326e-11,-4.14087e-11,3.37579e-11,-5.05995e-11,4.59188e-11,-4.90274e-13,6.5743e-12,-9.78773e-13,3.8666e-11,-3.15676e-11,6.62048e-11,-5.07274e-11,4.996e-11,-2.26592e-11,6.55209e-11,-4.54943e-11,4.74696e-11,-3.85576e-11,2.32241e-11,-2.62652e-11,2.77325e-11,-3.81615e-11,5.38964e-11,-5.00204e-11,6.62261e-11,-6.27676e-11,6.77787e-11,-5.25091e-11,5.17382e-11,-7.25056e-11,6.33431e-11,-4.21974e-11,8.21281e-11,-8.24283e-11,8.62883e-11,-7.56835e-11,1.02361e-10,-9.04503e-11,8.85212e-11,-9.54632e-11,1.21924e-10,-1.44832e-10,1.43146e-10,-1.16199e-10,1.25132e-10,-1.44606e-10,1.59543e-10,-1.78471e-10,1.62409e-10,-1.45803e-10,1.67795e-10,-1.14531e-10,9.30207e-11,-9.76339e-11,2.98144e-11,-2.01243e-11,6.41052e-11,-7.95666e-11,8.47518e-11,-7.40332e-11,8.91092e-11,-1.11028e-10,1.20346e-10,-8.33227e-11,1.3351e-10,-7.16005e-11,7.80087e-11,-8.19922e-11,9.50577e-11,-9.91447e-11,9.68488e-11,-4.57738e-11,6.57013e-12,1.3626e-11,0
0,-2.57483e-11,4.03286e-11,-3.43672e-11,4.10125e-11,-2.05791e-11,2.20552e-11,9.33298e-12,9.16778e-12,-2.35563e-11,2.36611e-11,-3.39124e-11,3.87654e-11,-2.96989e-11,2.12506e-11,-3.94991e-11,3.88667e-11,-6.09646e-11,5.7927e-11,-6.26077e-11,6.07923e-11,-6.71658e-11,7.08837e-11,-7.42801e-11,5.70228e-11,-6.45315e-11,5.9023e-11,-2.76721e-11,6.76437e-12,-4.07052e-11,7.22604e-11,-9.18217e-11,7.63709e-11,-7.51381e-11,8.51941e-11,-8.57003e-11,4.6775e-11,-8.20304e-11,1.01402e-10,-9.7927e-11,1.01922e-10,-1.15469e-10,1.22728e-10,-1.1349e-10,1.24482e-10,-1.3822e-10,1.61707e-10,-1.56417e-10,1.57385e-10,-1.45663e-10,1.3878e-10,-1.35795e-10,1.30681e-10,-8.03517e-11,8.71889e-11,-8.53824e-11,8.67129e-11,-8.66169e-11,6.92921e-11,-7.67635e-11,7.62164e-11,-9.67386e-11,8.75353e-11,-1.02209e-10,8.02487e-11,-8.26264e-11,3.73985e-11,-5.58424e-11,8.46665e-11,-7.38383e-11,6.54805e-11,-7.05178e-11,5.11265e-11,-5.27746e-11,1.94305e-11,0
0,2.0334e-11,-3.39142e-11,3.3987e-11,-3.51434e-11,2.84821e-11,-3.11804e-11,2.37019e-11,-2.53095e-11,4.99423e-11,-4.02931e-11,6.23945e-11,-3.04148e-11,2.10854e-11,-4.06661e-11,6.637e-11,-4.47997e-11,4.78462e-11,-5.60778e-11,6.13198e-11,-6.16698e-11,4.53468e-11,-6.58922e-11,7.6648e-11,-5.7172e-11,8.4011e-11,-4.43343e-11,1.87566e-11,6.89582e-12,1.70175e-11,-3.83142e-11,6.79705e-11,-6.59757e-11,7.07931e-11,-9.51168e-11,8.22276e-11,-5.94298e-11,7.8705e-11,-6.54818e-11,6.74607e-11,-7.06475e-11,1.00382e-10,-1.12053e-10,1.4148e-10,-1.41156e-10,1.34655e-10,-1.46784e-10,1.61059e-10,-1.45237e-10,1.45105e-10,-9.82592e-11,1.08233e-10,-1.20272e-10,9.85487e-11,-7.09814e-11,8.19753e-11,-8.99245e-11,1.06361e-10,-7.95985e-11,8.5171e-11,-1.02142e-10,1.32491e-10,-1.17558e-10,1.08704e-10,-1.35849e-10,9.58007e-11,-3.31681e-11,3.81841e-11,-5.53566e-11,8.12754e-11,-1.08115e-10,8.71855e-11,-7.37239e-11,1.12214e-10,-3.36193e-11,0
0,-1.50902e-11,4.49027e-11,-4.68781e-11,3.74349e-11,-2.03162e-11,2.87557e-11,-1.058e-11,3.39302e-11,-5.15392e-11,3.91243e-11,-3.32783e-11,3.47278e-11,-1.3511e-11,3.15374e-11,-4.71143e-11,4.69811e-11,-5.10081e-11,5.83267e-11,-3.87015e-11,3.46052e-11,-3.01892e-11,6.24585e-11,-8.75637e-11,7.27383e-11,-6.49454e-11,3.96394e-11,-6.00942e-12,8.7681e-12,-5.06439e-12,2.31388e-11,-1.6577e-11,2.76863e-11,-4.89493e-11,6.65956e-11,-8.08207e-11,6.16787e-11,-7.02425e-11,6.11564e-11,-4.13642e-11,4.69011e-11,-7.36051e-11,9.47207e-11,-1.14872e-10,1.34815e-10,-1.57172e-10,1.46738e-10,-1.25704e-10,9.77067e-11,-1.21675e-10,1.00345e-10,-1.08907e-10,1.30402e-10,-9.22071e-11,8.59846e-11,-8.73293e-11,9.63354e-11,-8.49774e-11,7.03437e-11,-6.17177e-11,7.34932e-11,-9.68168e-11,1.05767e-10,-9.0262e-11,1.2356e-10,-9.83569e-11,5.55316e-11,-8.86287e-11,1.09233e-10,-9.70901e-11,1.38814e-10,-9.8356e-11,9.4291e-11,-6.58629e-11,1.83156e-11,0
0,2.38227e-11,-3.13332e-11,3.28093e-11,-4.12701e-11,4.52811e-11,-1.25393e-11,4.80647e-11,-5.99645e-11,5.79412e-11,-3.78897e-11,4.0874e-11,-3.43281e-11,2.19416e-11,-2.72316e-11,3.74349e-11,-3.98721e-11,4.98375e-11,-3.54792e-11,3.74705e-11,-5.49036e-11,7.26672e-11,-9.52038e-11,7.90799e-11,-6.32578e-11,3.08713e-11,-2.98055e-11,1.75291e-11,-1.4202e-11,2.10516e-11,-3.92415e-11,1.78559e-11,-2.63061e-11,3.81135e-11,-7.49019e-11,6.42562e-11,-5.72431e-11,4.70877e-11,-4.5274e-11,7.06208e-11,-7.39568e-11,7.82858e-11,-7.85043e-11,1.10553e-10,-1.29663e-10,1.21961e-10,-1.51145e-10,1.31704e-10,-1.36254e-10,1.40512e-10,-1.46404e-10,1.00602e-10,-7.69234e-11,6.15632e-11,-5.67724e-11,6.11546e-11,-9.83285e-11,1.13733e-10,-8.27765e-11,8.99369e-11,-1.08009e-10,7.76899e-11,-7.07088e-11,9.55724e-11,-1.20637e-10,8.06173e-11,-9.5564e-11,8.94014e-11,-1.01952e-10,1.04097e-10,-6.68166e-11,1.0459e-10,-7.43943e-11,8.55054e-11,-3.16707e-11,0
0,-6.16573e-12,4.97877e-11,-2.58726e-11,4.60183e-11,-1.80886e-11,6.43041e-12,-3.06901e-11,4.40465e-11,-4.28848e-11,3.28413e-11,-2.29647e-11,3.16334e-11,-4.9484e-11,4.69385e-11,-4.87574e-11,3.61222e-11,-2.83187e-11,6.31797e-11,-6.40981e-11,7.31664e-11,-7.84297e-11,8.55813e-11,-9.01252e-11,8.19007e-11,-5.10312e-11,4.65619e-11,-3.06013e-11,2.2002e-11,-2.18083e-11,4.25864e-11,-5.77192e-11,6.37037e-11,-7.16849e-11,7.46727e-11,-5.41736e-11,3.90514e-11,-5.00009e-11,6.49099e-11,-9.5115e-11,8.10818e-11,-6.62705e-11,7.37312e-11,-8.74536e-11,1.27615e-10,-1.31717e-10,1.32411e-10,-1.10447e-10,1.30115e-10,-1.32513e-10,1.07393e-10,-8.90914e-11,8.86011e-11,-8.98321e-11,5.69429e-11,-7.95968e-11,8.35385e-11,-8.72848e-11,8.80718e-11,-8.22453e-11,1.08548e-10,-7.24274e-11,8.24576e-11,-1.04375e-10,9.87104e-11,-7.11671e-11,8.62079e-11,-7.31877e-11,9.2534e-11,-6.12149e-11,5.88851e-11,-7.69798e-11,3.10512e-11,-4.13229e-11,3.17932e-11,0
0,2.01723e-11,-5.1422e-11,2.26734e-11,-2.05418e-11,2.85638e-11,-3.77458e-11,6.26308e-11,-6.28706e-11,5.29532e-11,-2.63416e-11,4.17533e-11,-3.21787e-11,4.56843e-11,-3.5099e-11,5.08553e-11,-3.29923e-11,4.83293e-11,-2.41283e-11,5.17524e-11,-4.25686e-11,6.98783e-11,-7.07185e-11,6.69811e-11,-9.17098e-11,6.36344e-11,-4.75886e-11,2.9722e-11,-3.91047e-11,6.96545e-11,-5.39995e-11,5.48024e-11,-5.69855e-11,6.64837e-11,-7.58007e-11,5.34985e-11,-3.26228e-11,5.88436e-11,-7.33849e-11,1.04535e-10,-7.79767e-11,6.5878e-11,-7.60974e-11,7.64473e-11,-9.14806e-11,1.22279e-10,-1.13944e-10,8.89457e-11,-9.4607e-11,1.07246e-10,-8.78764e-11,1.00073e-10,-8.69296e-11,9.49196e-11,-7.41789e-11,8.65885e-11,-9.57385e-11,9.51168e-11,-8.22116e-11,5.76117e-11,-9.25704e-11,5.51088e-11,-5.87583e-11,6.1859e-11,-7.44622e-11,8.50595e-11,-7.36948e-11,7.66127e-11,-8.57846e-11,-1.16658e-11,-1.73463e-11,3.33755e-11,4.2033e-12,2.91953e-11,-1.92149e-11,0
0,-1.27347e-11,3.46176e-11,-1.7284e-11,2.88463e-11,-3.2756e-12,3.06546e-11,-5.61968e-11,6.35119e-11,-6.19078e-11,2.2025e-11,-2.9404e-11,2.55085e-11,-3.17613e-11,2.29949e-11,-3.66924e-11,3.85647e-11,-4.62563e-11,2.43521e-11,-4.61569e-11,4.53042e-11,-6.05311e-11,7.92291e-11,-6.45333e-11,8.16307e-11,-7.49694e-11,6.40874e-11,-4.14264e-11,4.52687e-11,-5.03437e-11,5.38645e-11,-6.10392e-11,8.8443e-11,-6.29754e-11,7.26939e-11,-6.56062e-11,4.2407e-11,-5.01732e-11,7.1914e-11,-7.91349e-11,8.43059e-11,-6.49205e-11,7.21094e-11,-8.1112e-11,8.49614e-11,-7.06226e-11,9.69145e-11,-7.26192e-11,7.49782e-11,-9.23297e-11,8.33342e-11,-7.3241e-11,7.52838e-11,-6.73417e-11,5.84048e-11,-8.04974e-11,1.05516e-10,-7.51434e-11,8.2748e-11,-4.9571e-11,8.90195e-11,-6.61364e-11,6.08198e-11,-6.05471e-11,1.07135e-10,-9.09046e-11,7.50546e-11,-6.19209e-11,1.8273e-11,-5.36864e-11,6.00138e-11,-9.19331e-11,3.01554e-11,-5.16804e-11,3.36291e-11,0
0,-2.8173e-12,-3.86393e-11,2.8578e-11,-4.04832e-11,5.23848e-12,-1.6696e-11,6.01759e-11,-6.24123e-11,5.49694e-11,-4.07869e-11,4.64109e-11,-6.1485e-11,4.8356e-11,-4.16804e-11,5.86233e-11,-5.14344e-11,6.13056e-11,-2.969e-11,3.16014e-11,-5.03615e-11,8.8928e-11,-8.51941e-11,7.89786e-11,-7.26157e-11,7.76907e-11,-8.09095e-11,6.32081e-11,-6.69651e-11,5.67226e-11,-5.72609e-11,5.10809e-11,-5.46763e-11,6.65565e-11,-8.54907e-11,7.21041e-11,-6.36504e-11,6.01457e-11,-6.80096e-11,7.85718e-11,-8.94698e-11,9.90532e-11,-1.2937e-10,1.10186e-10,-1.01146e-10,6.60663e-11,-1.02506e-10,1.06061e-10,-1.02961e-10,7.25588e-11,-8.60556e-11,5.19869e-11,-1.00478e-10,8.58922e-11,-7.60139e-11,8.57501e-11,-6.95852e-11,8.18776e-11,-7.09992e-11,6.97495e-11,-5.87166e-11,5.45768e-11,-3.35616e-11,2.34133e-11,-8.61351e-11,5.75819e-11,-6.13822e-11,2.64349e-11,-4.31312e-11,7.09126e-11,-4.53388e-11,9.44445e-11,-2.81464e-11,4.99041e-11,-3.19567e-12,0
0,-8.68994e-12,2.75104e-11,-3.38076e-11,4.10534e-11,-2.15188e-11,4.95515e-11,-7.89324e-11,8.11013e-11,-7.81863e-11,6.52083e-11,-5.52394e-11,4.79563e-11,-3.4877e-11,5.38023e-11,-5.11733e-11,3.87796e-11,-4.5743e-11,2.16094e-11,-3.83764e-11,3.50582e-11,-5.33795e-11,4.73523e-11,-6.68265e-11,7.79767e-11,-6.99298e-11,6.81268e-11,-7.66338e-11,4.3606e-11,-3.81934e-11,3.77653e-11,-5.43583e-11,5.67777e-11,-7.61009e-11,9.53904e-11,-9.38325e-11,7.22427e-11,-6.4027e-11,7.20739e-11,-7.07381e-11,9.37348e-11,-1.11795e-10,1.35845e-10,-1.20556e-10,1.11491e-10,-1.09798e-10,9.95506e-11,-9.12674e-11,6.63825e-11,-7.11786e-11,1.13715e-10,-9.23936e-11,1.29402e-10,-1.30562e-10,1.09647e-10,-1.17716e-10,7.94422e-11,-9.67848e-11,8.41878e-11,-2.75913e-11,6.61888e-11,-1.22805e-10,8.56009e-11,-4.86891e-11,6.31797e-11,-5.89664e-11,3.31192e-11,-2.92279e-11,7.8715e-11,-1.0545e-10,6.37645e-11,-9.19522e-11,7.50298e-11,-9.61045e-11,-1.07825e-12,0
0,1.23439e-11,-3.00577e-11,3.72982e-11,-3.93019e-11,4.71072e-11,-4.0167e-11,5.47189e-11,-6.11351e-11,8.01492e-11,-7.46425e-11,6.13749e-11,-4.94005e-11,6.97398e-11,-5.42357e-11,3.82645e-11,-5.76854e-11,3.18696e-11,-4.21529e-11,3.31006e-11,-4.69278e-11,5.2367e-11,-4.4734e-11,4.91056e-11,-5.53939e-11,9.73071e-11,-5.78648e-11,6.21139e-11,-5.84475e-11,5.27685e-11,-4.09521e-11,5.82983e-11,-6.05453e-11,5.61684e-11,-6.10907e-11,8.00444e-11,-7.2319e-11,8.96971e-11,-8.00515e-11,7.95737e-11,-9.63336e-11,1.14735e-10,-1.17685e-10,1.36833e-10,-1.37225e-10,1.04093e-10,-1.06443e-10,1.09749e-10,-9.6648e-11,9.94529e-11,-1.1751e-10,1.22272e-10,-1.25974e-10,1.1172e-10,-1.44864e-10,1.35399e-10,-1.0591e-10,1.0935e-10,-6.87121e-11,1.68665e-12,-1.73648e-11,7.29363e-11,-7.41842e-11,7.66391e-11,-8.93223e-11,5.88976e-11,-4.49427e-11,7.93152e-11,-9.78599e-11,1.28453e-10,-6.4686e-11,9.64251e-11,-9.97158e-11,1.01588e-10,-2.62812e-11,0
0,-6.6489e-12,4.85656e-11,-6.62954e-11,5.05871e-11,-7.68807e-11,7.78577e-11,-7.18217e-11,7.4726e-11,-8.70699e-11,9.45981e-11,-5.53921e-11,6.95373e-11,-5.37916e-11,8.14957e-11,-8.12452e-11,8.14939e-11,-7.49072e-11,5.69731e-11,-3.03828e-11,5.56106e-11,-6.19576e-11,6.3423e-11,-6.43645e-11,6.67022e-11,-9.23777e-11,8.15561e-11,-6.72582e-11,6.83738e-11,-6.04814e-11,6.33573e-11,-3.43228e-11,4.73577e-11,-3.17115e-11,2.7752e-11,-4.47411e-11,7.54579e-11,-6.65246e-11,6.52758e-11,-9.39675e-11,1.16717e-10,-1.10102e-10,1.30587e-10,-1.20579e-10,1.12733e-10,-1.05688e-10,1.2203e-10,-1.22444e-10,9.95897e-11,-1.1047e-10,1.16959e-10,-1.14701e-10,1.16705e-10,-1.17687e-10,1.10099e-10,-7.97797e-11,8.61338e-11,-1.07655e-10,7.9635e-11,-1.78169e-12,-5.95346e-12,-5.35394e-12,4.81424e-11,-9.48441e-11,8.77454e-11,-6.08739e-11,9.83431e-11,-6.46969e-11,7.9309e-11,-7.67226e-11,1.30813e-10,-6.23261e-11,1.06651e-10,-6.54019e-11,6.36966e-11,0
0,-1.66622e-11,-6.41265e-13,2.35136e-11,-4.60183e-11,6.51657e-11,-4.95088e-11,8.12168e-11,-9.04503e-11,8.64127e-11,-8.18599e-11,6.13412e-11,-5.90976e-11,8.14193e-11,-9.54792e-11,9.26654e-11,-9.53673e-11,8.8205e-11,-7.68345e-11,7.1454e-11,-8.27836e-11,7.22693e-11,-7.20206e-11,9.24381e-11,-7.11591e-11,8.01919e-11,-9.63638e-11,6.40323e-11,-7.27045e-11,9.66178e-11,-7.02727e-11,6.83169e-11,-6.10711e-11,3.75842e-11,-3.95879e-11,8.98428e-11,-9.44738e-11,1.00021e-10,-7.39604e-11,1.01146e-10,-1.38581e-10,1.356e-10,-1.17833e-10,1.06892e-10,-1.08873e-10,1.14477e-10,-1.21638e-10,1.04384e-10,-1.346e-10,1.17568e-10,-1.19357e-10,9.39782e-11,-7.97797e-11,1.18352e-10,-9.04059e-11,8.21547e-11,-1.12211e-10,1.01633e-10,-7.95639e-11,1.42455e-11,-1.64349e-11,5.28617e-11,-4.06546e-11,1.06156e-10,-1.09108e-10,6.61235e-11,-8.15807e-11,1.02008e-10,-8.99472e-11,8.97957e-11,-1.01424e-10,2.91696e-11,-2.35083e-11,1.68789e-11,-2.5862e-11,0
0,9.07541e-12,1.73941e-11,-3.46567e-11,4.92317e-11,-5.17222e-11,4.5107e-11,-5.31895e-11,5.96678e-11,-6.13021e-11,8.70131e-11,-8.14815e-11,8.51479e-11,-7.83249e-11,8.71303e-11,-8.45564e-11,1.01419e-10,-9.08003e-11,1.05574e-10,-8.00693e-11,8.47606e-11,-8.37392e-11,9.26654e-11,-9.89058e-11,9.00879e-11,-9.59925e-11,1.03796e-10,-7.7879e-11,9.33671e-11,-8.48193e-11,7.29301e-11,-6.60378e-11,4.76525e-11,-5.03206e-11,8.13021e-11,-7.93641e-11,8.27267e-11,-9.13918e-11,7.74509e-11,-9.0397e-11,1.21592e-10,-1.41259e-10,1.28523e-10,-1.13937e-10,1.08146e-10,-8.6958e-11,6.42011e-11,-5.39888e-11,6.71427e-11,-7.66818e-11,1.16666e-10,-9.58345e-11,8.53131e-11,-7.08464e-11,8.08011e-11,-6.99742e-11,7.116e-11,-1.05672e-10,9.80807e-11,-4.31326e-11,5.5695e-11,-1.08932e-10,1.12433e-10,-9.05571e-11,9.90056e-11,-1.04585e-10,1.17526e-10,-1.06077e-10,1.32366e-10,-8.9833e-11,1.18201e-10,-6.56115e-11,8.88161e-11,-3.2756e-11,2.07869e-11,0
0,9.67049e-12,-4.27587e-11,4.37357e-11,-4.38476e-11,5.91918e-11,-5.58167e-11,6.74092e-11,-8.10552e-11,6.67413e-11,-6.87574e-11,7.11022e-11,-6.04352e-11,6.45564e-11,-7.3678e-11,8.12399e-11,-1.16078e-10,1.02331e-10,-9.87121e-11,1.29736e-10,-1.12285e-10,8.64979e-11,-9.68452e-11,8.18563e-11,-1.0081e-10,1.03721e-10,-1.08821e-10,8.69012e-11,-8.44871e-11,9.83178e-11,-8.89937e-11,7.76907e-11,-3.86091e-11,3.72093e-11,-6.38689e-11,8.78462e-11,-6.03304e-11,6.29079e-11,-7.69731e-11,8.59135e-11,-1.18465e-10,1.31005e-10,-1.10999e-10,1.09207e-10,-7.26885e-11,5.33547e-11,-3.28502e-11,3.87494e-11,-6.59135e-11,7.40563e-11,-9.38343e-11,9.30811e-11,-5.16494e-11,6.24851e-11,-6.77769e-11,5.36495e-11,-8.94955e-11,7.45475e-11,-8.65077e-11,4.71418e-11,-5.01226e-11,9.70801e-11,-1.17937e-10,1.05376e-10,-1.03928e-10,9.10838e-11,-1.11018e-10,9.73639e-11,-1.02762e-10,7.91376e-11,-1.63988e-10,1.17407e-10,-1.11633e-10,9.49907e-11,-6.67129e-11,0
0,-2.51763e-11,3.95097e-11,-2.01243e-11,3.29496e-11,-5.16103e-11,4.02576e-11,-4.58442e-11,5.9611e-11,-5.25926e-11,5.90816e-11,-8.17568e-11,7.39391e-11,-7.94298e-11,6.77947e-11,-7.60885e-11,8.72387e-11,-8.30056e-11,1.02991e-10,-1.12026e-10,1.12621e-10,-7.09228e-11,8.96225e-11,-7.90621e-11,8.40643e-11,-1.00657e-10,1.25707e-10,-9.96518e-11,9.35607e-11,-7.07043e-11,6.62599e-11,-5.1843e-11,6.94929e-11,-4.57749e-11,7.8126e-11,-7.26068e-11,6.85301e-11,-7.94369e-11,9.7808e-11,-9.2319e-11,9.96501e-11,-1.00188e-10,9.46425e-11,-1.27772e-10,7.47153e-11,-7.49729e-11,8.13802e-11,-4.44409e-11,4.87699e-11,-4.56719e-11,3.68026e-11,-3.79519e-11,5.01199e-11,-7.08535e-11,8.58513e-11,-5.18394e-11,1.0124e-10,-1.03982e-10,1.03548e-10,-7.29514e-11,8.88973e-11,-6.66081e-11,1.06484e-10,-6.79237e-11,1.18045e-10,-7.60223e-11,8.72418e-11,-8.85905e-11,9.62812e-11,-1.19948e-10,1.22011e-10,-8.11866e-11,6.02665e-11,-6.79616e-11,5.44063e-11,0
0,3.22355e-11,-6.88161e-12,4.8832e-11,-5.16298e-11,5.86873e-11,-5.72324e-11,8.00799e-11,-7.22888e-11,5.12621e-11,-3.31895e-11,4.0739e-11,-5.62963e-11,5.60139e-11,-7.94582e-11,6.90736e-11,-5.36726e-11,6.97327e-11,-9.88898e-11,1.16918e-10,-1.02986e-10,8.76135e-11,-8.43752e-11,8.58549e-11,-9.00879e-11,1.07603e-10,-1.28663e-10,1.07926e-10,-9.96128e-11,8.10267e-11,-7.13953e-11,8.7482e-11,-6.888e-11,6.73825e-11,-6.35545e-11,7.38716e-11,-8.73648e-11,6.97273e-11,-7.26654e-11,6.19309e-11,-6.92957e-11,9.45821e-11,-1.02895e-10,1.20075e-10,-9.43015e-11,1.0388e-10,-7.47153e-11,4.66986e-11,-1.87654e-11,2.58282e-12,-9.91207e-12,2.74376e-11,-3.73372e-11,5.16192e-11,-4.09983e-11,3.25873e-11,-1.04944e-10,1.04092e-10,-7.85798e-11,7.79545e-11,-7.34657e-11,1.12773e-10,-1.25761e-10,3.33831e-11,-1.03136e-10,1.36324e-10,-7.88383e-11,7.82832e-11,-5.09539e-11,9.34488e-11,-9.63443e-11,8.56311e-11,-4.45546e-11,5.47242e-11,-4.41034e-11,0
0,-1.80389e-11,3.8284e-11,-2.23395e-11,4.78622e-11,-5.48042e-11,5.05818e-11,-5.46123e-11,3.71703e-11,-2.73666e-11,4.86917e-11,-3.70406e-11,5.72626e-11,-5.25073e-11,8.68017e-11,-5.47331e-11,6.37197e-11,-7.48699e-11,9.12159e-11,-9.42322e-11,9.49356e-11,-8.59757e-11,8.2478e-11,-7.64491e-11,9.29798e-11,-9.6426e-11,1.02368e-10,-1.11278e-10,1.22689e-10,-9.15605e-11,8.66649e-11,-6.36149e-11,6.79723e-11,-9.41309e-11,7.03899e-11,-9.12213e-11,9.19407e-11,-6.11369e-11,6.76099e-11,-5.023e-11,5.61649e-11,-7.74936e-11,9.48646e-11,-9.40368e-11,1.17705e-10,-1.16238e-10,7.97247e-11,-7.33866e-11,6.4988e-11,-2.98233e-11,2.45297e-11,-2.55085e-11,2.02522e-11,-3.1239e-11,4.37606e-11,-4.47278e-11,9.57812e-11,-1.0543e-10,7.95248e-11,-5.49272e-11,4.94089e-11,-8.82494e-11,6.66508e-11,-6.47875e-11,8.62275e-11,-1.09905e-10,7.37472e-11,-7.05906e-11,7.5346e-11,-7.32978e-11,5.6092e-11,-2.66809e-11,5.29337e-11,-2.64784e-11,1.22462e-11,0
0,2.24176e-12,-2.93099e-13,2.6315e-11,-3.76517e-11,3.89999e-11,-4.71747e-11,6.5782e-11,-4.67875e-11,3.38414e-11,-5.45608e-11,5.59517e-11,-6.44711e-11,6.85105e-11,-5.88241e-11,4.97629e-11,-8.78195e-11,7.98863e-11,-8.78142e-11,9.40172e-11,-9.18483e-11,1.0442e-10,-8.6267e-11,8.78657e-11,-8.74874e-11,1.08553e-10,-1.27704e-10,1.30283e-10,-1.11292e-10,7.99361e-11,-7.93978e-11,7.19673e-11,-6.46043e-11,8.80966e-11,-9.84652e-11,1.04775e-10,-7.29496e-11,7.02602e-11,-4.08047e-11,6.33325e-11,-6.23448e-11,7.39675e-11,-1.46557e-10,1.2278e-10,-9.3106e-11,1.21274e-10,-7.1763e-11,5.97549e-11,-7.14575e-11,3.17275e-11,-3.16795e-11,2.30163e-11,-8.61533e-12,6.27409e-12,-2.47899e-11,2.88578e-11,-3.67004e-11,5.35278e-11,-2.20073e-11,3.05636e-11,-2.59752e-11,5.96466e-11,-7.37554e-11,5.65452e-11,-6.78493e-11,7.57696e-11,-8.69802e-11,9.82476e-11,-7.9492e-11,8.94946e-11,-7.03473e-11,7.78186e-11,-2.56861e-11,2.10605e-11,-2.19167e-11,0
0,9.28324e-12,-1.42819e-12,-1.9579e-11,3.2859e-11,-3.76552e-11,3.90532e-11,-3.98614e-11,4.68408e-11,-5.38201e-11,6.3217e-11,-8.72031e-11,8.55547e-11,-5.18643e-11,2.87468e-11,-4.5933e-11,7.32889e-11,-6.91234e-11,7.32783e-11,-9.47189e-11,1.04837e-10,-1.07224e-10,8.89226e-11,-8.53539e-11,7.87956e-11,-9.79359e-11,1.14772e-10,-1.16424e-10,1.06912e-10,-1.04473e-10,8.39186e-11,-9.64704e-11,9.6291e-11,-9.02141e-11,1.08891e-10,-1.05981e-10,1.08814e-10,-1.01799e-10,6.18048e-11,-8.30358e-11,7.1319e-11,-6.38938e-11,1.29383e-10,-1.05032e-10,8.58229e-11,-1.00536e-10,8.47695e-11,-6.2963e-11,4.46949e-11,-6.03126e-11,6.53273e-11,-2.01243e-11,-6.10534e-12,-2.52616e-11,1.13927e-11,-1.11289e-11,2.27312e-11,-2.13234e-11,2.57563e-11,-6.87663e-11,6.29892e-11,-8.27072e-11,9.39864e-11,-2.93117e-11,4.88143e-11,-4.60298e-11,1.08567e-10,-9.78559e-11,6.63682e-11,-8.98535e-11,7.88649e-11,-7.46283e-11,3.43796e-11,-1.81792e-11,3.88631e-11,0
0,6.50324e-12,-5.02176e-12,-5.64881e-13,-7.77156e-12,3.81846e-11,-4.04938e-11,4.66169e-11,-7.36637e-11,5.73532e-11,-3.7673e-11,7.93765e-11,-6.62208e-11,4.5171e-11,-2.36717e-11,4.55671e-11,-5.75842e-11,5.70832e-11,-5.69855e-11,8.49116e-11,-1.25796e-10,1.15707e-10,-1.0531e-10,1.21519e-10,-1.06203e-10,1.1441e-10,-1.31111e-10,1.15975e-10,-1.28953e-10,1.02606e-10,-9.57847e-11,1.06111e-10,-1.13726e-10,1.3673e-10,-1.12671e-10,1.21315e-10,-1.11417e-10,1.1798e-10,-9.20455e-11,1.07123e-10,-8.34195e-11,8.98659e-11,-1.28098e-10,9.9238e-11,-7.93658e-11,7.4559e-11,-7.417e-11,6.37392e-11,-5.57545e-11,8.6219e-11,-8.46292e-11,7.29017e-11,-5.12905e-11,5.95595e-11,-5.43761e-11,1.07692e-11,-1.10774e-11,5.13811e-12,-4.01696e-11,6.39053e-11,-1.02179e-10,9.14514e-11,-5.87903e-11,6.20903e-11,-6.36069e-11,3.26041e-11,-8.82761e-11,9.29727e-11,-5.31806e-11,6.70628e-11,-8.46079e-11,3.52252e-11,-1.69358e-11,1.66338e-11,7.53531e-12,0
0,-1.72093e-11,2.88907e-11,2.38565e-12,1.16867e-11,-3.74669e-11,4.74056e-11,-5.4337e-11,5.04929e-11,-3.86695e-11,2.56239e-11,-5.53637e-11,6.45528e-11,-4.88622e-11,3.69393e-11,-3.77387e-11,5.34346e-11,-5.04876e-11,6.85567e-11,-7.53584e-11,1.07828e-10,-1.12397e-10,1.09656e-10,-9.13705e-11,1.09434e-10,-1.3366e-10,1.26827e-10,-1.14829e-10,1.11481e-10,-1.13877e-10,1.05008e-10,-1.31061e-10,1.26997e-10,-1.27416e-10,1.27557e-10,-1.35362e-10,1.35197e-10,-1.30115e-10,1.17444e-10,-1.05548e-10,8.44054e-11,-7.04912e-11,8.59615e-11,-5.06013e-11,8.91678e-11,-8.24674e-11,8.71001e-11,-1.01698e-10,7.38396e-11,-8.95408e-11,6.24674e-11,-7.89306e-11,8.77254e-11,-5.9722e-11,4.48726e-11,-3.74127e-11,2.7514e-11,-5.21498e-11,4.06657e-11,-5.58449e-11,9.11516e-11,-6.65903e-11,8.52998e-11,-6.93321e-11,8.3844e-11,-3.60485e-11,5.82894e-11,-3.27258e-11,1.36779e-11,-3.7284e-11,8.56417e-11,-2.79528e-11,5.24274e-11,-6.18883e-12,-1.99805e-11,0
0,2.16414e-11,-2.64411e-11,6.78924e-12,-2.06093e-11,3.81029e-11,-4.48939e-11,4.38121e-11,-1.02496e-11,2.21139e-11,-1.79163e-11,4.85283e-11,-5.46176e-11,6.68336e-11,-6.99298e-11,7.25269e-11,-7.18607e-11,7.48344e-11,-7.36957e-11,8.47553e-11,-1.05995e-10,1.12756e-10,-1.05727e-10,8.45883e-11,-9.69465e-11,1.26381e-10,-1.2297e-10,1.20428e-10,-1.13465e-10,1.3029e-10,-1.05723e-10,1.20329e-10,-1.19062e-10,1.33797e-10,-1.45842e-10,1.45622e-10,-1.32024e-10,1.25631e-10,-1.13674e-10,1.36462e-10,-1.08347e-10,1.06757e-10,-7.40439e-11,1.01528e-10,-1.19057e-10,1.5493e-10,-1.04883e-10,8.87912e-11,-6.40696e-11,6.4917e-11,-8.23128e-11,1.0648e-10,-9.51506e-11,8.17231e-11,-6.55858e-11,5.57474e-11,-5.0874e-11,4.82627e-11,-5.2172e-11,8.00575e-11,-5.72682e-11,8.25731e-11,-7.83786e-11,6.32525e-11,-7.77005e-11,9.74705e-11,-6.84857e-11,-8.35243e-12,-5.9881e-12,4.97149e-11,-7.74669e-11,6.61338e-11,-6.02896e-11,8.06111e-12,1.82112e-11,0
0,-3.34612e-11,2.38742e-11,9.25127e-12,-5.72342e-12,-2.90772e-11,3.39782e-11,-3.35181e-11,2.19114e-11,-3.11484e-11,2.62155e-11,-3.25127e-11,8.11866e-11,-7.93268e-11,5.6632e-11,-6.80682e-11,5.81242e-11,-5.80727e-11,7.88685e-11,-6.40057e-11,9.99663e-11,-1.2885e-10,1.11415e-10,-7.40492e-11,8.7752e-11,-1.03203e-10,1.36932e-10,-1.21428e-10,1.38241e-10,-1.4831e-10,1.22197e-10,-1.28267e-10,1.12276e-10,-1.22839e-10,1.04711e-10,-1.18474e-10,1.09733e-10,-1.12699e-10,1.38865e-10,-1.53983e-10,1.44135e-10,-1.00066e-10,8.87148e-11,-1.03693e-10,9.50049e-11,-1.61153e-10,1.55238e-10,-9.55112e-11,7.27205e-11,-9.66729e-11,8.66809e-11,-1.2059e-10,1.12614e-10,-9.39169e-11,1.25533e-10,-7.02824e-11,6.97167e-11,-6.97069e-11,4.66565e-11,-7.7572e-11,1.52218e-11,1.2037e-11,1.03491e-11,-3.57439e-11,-1.55076e-12,-4.03091e-11,8.17675e-11,-2.21263e-11,8.91376e-12,-6.41371e-11,6.76437e-11,-5.78275e-11,3.01839e-11,-1.79483e-11,2.75335e-12,0
0,1.76321e-11,-1.3074e-12,2.61036e-11,-5.8904e-12,3.91225e-11,-4.27072e-11,4.96208e-11,-4.22204e-11,4.83773e-11,-3.59499e-11,2.82725e-11,-8.26486e-11,9.17879e-11,-8.4734e-11,5.44116e-11,-5.0095e-11,5.84262e-11,-7.29656e-11,8.73399e-11,-1.03141e-10,1.26793e-10,-9.35465e-11,9.99485e-11,-9.25873e-11,1.04478e-10,-1.28971e-10,1.14627e-10,-1.31536e-10,1.33166e-10,-1.14261e-10,1.21451e-10,-1.09946e-10,1.1349e-10,-1.0237e-10,1.21407e-10,-8.60094e-11,8.11209e-11,-1.21137e-10,1.43782e-10,-1.33548e-10,1.20286e-10,-7.94973e-11,9.48486e-11,-9.44897e-11,1.45498e-10,-1.76792e-10,1.44173e-10,-1.61041e-10,1.68304e-10,-1.34639e-10,1.40696e-10,-1.10843e-10,9.59073e-11,-1.10377e-10,1.08114e-10,-8.00866e-11,9.06963e-11,-5.76564e-11,7.5856e-11,1.15716e-11,1.65055e-11,2.73026e-12,3.22764e-12,6.47304e-12,5.00009e-11,-1.99929e-11,3.14895e-11,6.73595e-12,3.18785e-11,-4.26326e-13,-6.82476e-12,-3.55271e-14,1.05764e-11,9.27969e-12,0
0,-1.03562e-11,-3.44258e-12,-1.13598e-11,1.66605e-11,-1.53193e-11,3.58718e-11,-4.68656e-11,5.72573e-11,-5.23901e-11,6.73523e-11,-5.45857e-11,7.72431e-11,-6.91447e-11,7.93712e-11,-5.96732e-11,5.5147e-11,-6.61959e-11,8.61533e-11,-7.2232e-11,1.02307e-10,-9.26903e-11,8.54179e-11,-1.03165e-10,9.36922e-11,-1.11488e-10,1.18682e-10,-1.0826e-10,1.18725e-10,-1.19007e-10,1.28482e-10,-1.1755e-10,1.19687e-10,-1.07715e-10,9.7554e-11,-1.05297e-10,9.38751e-11,-9.63727e-11,1.01423e-10,-8.85176e-11,1.28761e-10,-1.17785e-10,1.07429e-10,-9.91491e-11,1.46038e-10,-1.7255e-10,1.98652e-10,-2.11406e-10,2.09676e-10,-1.85334e-10,1.50941e-10,-1.80089e-10,1.74134e-10,-1.3544e-10,1.22151e-10,-1.10383e-10,9.86473e-11,-1.31297e-10,1.44581e-10,-6.90736e-11,5.39542e-11,-3.23475e-12,9.39249e-12,-3.68594e-13,-1.63674e-11,-9.52127e-13,-2.27374e-13,-2.35936e-11,1.37064e-11,-2.86526e-11,1.18519e-11,-3.47811e-11,5.31415e-11,-6.22471e-11,5.37881e-12,0
0,2.49543e-11,-1.09335e-11,2.39737e-11,-4.56879e-12,8.24052e-12,-1.22178e-11,4.04476e-11,-3.15463e-11,4.78906e-11,-6.00586e-11,8.66027e-11,-8.06466e-11,6.4599e-11,-5.76659e-11,7.39107e-11,-5.36353e-11,6.71339e-11,-7.18874e-11,6.23803e-11,-8.43805e-11,8.76845e-11,-9.10347e-11,9.74385e-11,-1.01586e-10,1.05471e-10,-9.32765e-11,8.39719e-11,-9.17968e-11,9.77423e-11,-1.20242e-10,1.25809e-10,-1.45789e-10,1.3673e-10,-9.77867e-11,1.03801e-10,-9.72733e-11,1.05258e-10,-1.05517e-10,9.84546e-11,-1.39206e-10,1.00504e-10,-1.11244e-10,1.19494e-10,-1.21172e-10,1.38481e-10,-1.68249e-10,1.7922e-10,-2.00165e-10,1.6286e-10,-1.31022e-10,1.70111e-10,-1.69467e-10,1.59397e-10,-1.55368e-10,1.66717e-10,-1.33191e-10,1.71615e-10,-1.65109e-10,1.16521e-10,-9.9345e-11,7.2502e-12,-5.75451e-12,1.41895e-11,-2.01261e-12,1.32818e-11,-4.62368e-11,5.42499e-12,-9.83036e-12,1.92486e-11,-4.83524e-12,5.96287e-11,-3.00417e-11,2.15188e-11,-7.07701e-12,0
0,-2.47695e-11,4.73435e-11,-2.07709e-11,-7.86926e-13,3.39639e-12,6.0929e-13,-2.01847e-11,4.09859e-11,-4.56506e-11,4.53362e-11,-5.45413e-11,5.47153e-11,-7.31486e-11,4.95177e-11,-5.51399e-11,5.02549e-11,-5.498e-11,4.58353e-11,-5.63052e-11,6.18101e-11,-8.06182e-11,8.37108e-11,-1.10909e-10,1.16049e-10,-9.21627e-11,8.84164e-11,-9.70459e-11,1.08479e-10,-9.22249e-11,1.20096e-10,-1.1115e-10,1.24647e-10,-1.11044e-10,8.95213e-11,-8.76703e-11,9.40865e-11,-9.22338e-11,1.13904e-10,-1.05004e-10,9.9817e-11,-9.38964e-11,1.1857e-10,-1.64436e-10,1.36611e-10,-1.3976e-10,1.9276e-10,-1.91573e-10,1.87779e-10,-1.92166e-10,1.58041e-10,-1.12104e-10,1.27994e-10,-1.66404e-10,1.55039e-10,-1.57363e-10,1.66532e-10,-1.37371e-10,1.15479e-10,-1.11807e-10,9.71818e-11,-5.34168e-11,1.4996e-11,-1.18145e-11,2.81197e-12,-2.40874e-11,3.58753e-11,1.38591e-11,-1.96465e-12,1.81188e-13,2.90719e-11,-7.74527e-11,3.41593e-11,-6.26414e-11,4.50768e-11,0
0,5.34506e-12,-2.09468e-11,2.26166e-11,-8.3844e-12,1.36673e-11,-1.00968e-11,2.44107e-11,-4.3439e-11,4.84732e-11,-7.03473e-11,6.44889e-11,-5.61542e-11,5.88347e-11,-6.34142e-11,3.94067e-11,-2.41585e-11,2.41211e-11,-2.95906e-11,5.46763e-11,-6.18829e-11,8.42046e-11,-7.09015e-11,1.08495e-10,-1.17968e-10,1.10116e-10,-1.38115e-10,1.22302e-10,-1.26121e-10,1.23709e-10,-1.18234e-10,1.11466e-10,-1.20437e-10,9.7593e-11,-7.20632e-11,8.50235e-11,-7.16334e-11,1.01346e-10,-1.37268e-10,1.45118e-10,-1.31102e-10,1.29299e-10,-1.54762e-10,1.67205e-10,-1.31873e-10,1.52681e-10,-1.78026e-10,1.85221e-10,-1.74795e-10,1.67359e-10,-1.43093e-10,1.55231e-10,-1.57722e-10,1.64759e-10,-1.5781e-10,1.69173e-10,-1.44939e-10,1.62386e-10,-1.37441e-10,1.17426e-10,-1.52433e-10,9.34355e-11,-4.38884e-11,3.54792e-11,-3.88862e-11,5.19353e-11,2.36966e-12,4.79261e-12,-1.36424e-12,1.06724e-11,-2.71712e-11,8.14957e-11,-9.78702e-11,8.87752e-11,-3.6593e-11,0
0,-1.77298e-11,3.51008e-11,-2.87326e-11,-1.80655e-12,-1.45128e-12,1.51683e-11,-2.73328e-11,3.93339e-11,-4.80078e-11,5.17399e-11,-4.23181e-11,3.21254e-11,-4.73115e-11,5.27063e-11,-3.51115e-11,2.93507e-11,-3.60316e-11,4.65139e-11,-5.15694e-11,6.91642e-11,-7.56941e-11,8.24443e-11,-9.24061e-11,1.19865e-10,-1.11392e-10,1.37135e-10,-1.12987e-10,9.87335e-11,-1.18757e-10,1.29809e-10,-1.30651e-10,1.12777e-10,-9.54259e-11,8.08136e-11,-1.04581e-10,9.48894e-11,-1.19389e-10,1.30134e-10,-1.10784e-10,1.34612e-10,-1.11756e-10,1.18199e-10,-1.50619e-10,1.8802e-10,-1.57589e-10,1.97987e-10,-1.55838e-10,1.51168e-10,-1.42441e-10,1.20215e-10,-1.24279e-10,1.31661e-10,-1.39337e-10,1.51329e-10,-1.93038e-10,1.87382e-10,-1.55679e-10,1.22895e-10,-1.32385e-10,1.00035e-10,-9.22444e-11,5.19957e-11,-6.26859e-11,4.97877e-11,-2.64961e-11,1.11093e-11,-3.94351e-11,4.92477e-11,-1.68541e-11,4.23412e-11,-7.71898e-11,1.0909e-10,-8.85905e-11,1.82681e-11,0
0,-9.82325e-13,8.27249e-12,1.52411e-12,-2.88303e-12,2.915e-11,-1.65681e-11,5.06546e-11,-4.36398e-11,2.11724e-11,-1.88933e-11,2.17497e-11,-1.6616e-11,3.85825e-11,-3.85345e-11,5.63798e-11,-5.76517e-11,6.58051e-11,-5.01448e-11,3.83871e-11,-5.44951e-11,8.8157e-11,-7.22054e-11,8.81748e-11,-9.8467e-11,1.0699e-10,-1.28299e-10,1.29187e-10,-9.86873e-11,9.91243e-11,-1.0078e-10,1.13957e-10,-1.213e-10,1.08724e-10,-7.50404e-11,8.91163e-11,-1.08411e-10,1.29724e-10,-1.15509e-10,1.21707e-10,-1.5585e-10,1.33769e-10,-1.61149e-10,1.83496e-10,-1.73161e-10,1.75284e-10,-2.04126e-10,1.89123e-10,-1.6186e-10,1.29678e-10,-1.15085e-10,1.18391e-10,-1.00697e-10,1.35019e-10,-1.70008e-10,1.66194e-10,-1.58295e-10,1.2249e-10,-1.33601e-10,1.18177e-10,-9.33671e-11,8.40128e-11,-2.42046e-11,5.01288e-11,-8.37552e-11,9.75362e-11,9.31522e-12,-6.64357e-12,1.65699e-11,9.23706e-12,-1.14042e-11,3.60956e-11,-7.84937e-11,7.25322e-11,-3.3971e-11,0
0,2.54108e-11,-1.86517e-12,-8.61888e-12,2.83311e-11,-3.97407e-11,1.55911e-11,-3.78204e-11,3.95737e-11,-4.37694e-11,2.13305e-11,-1.45128e-11,3.31628e-11,-3.53317e-11,2.28457e-11,-3.90976e-11,8.09433e-11,-6.34142e-11,4.55884e-11,-5.71951e-11,5.59091e-11,-9.72697e-11,7.06457e-11,-6.08509e-11,1.21858e-10,-7.79394e-11,8.9063e-11,-9.83178e-11,8.80078e-11,-8.45226e-11,1.00737e-10,-1.23293e-10,1.4051e-10,-1.26779e-10,1.04592e-10,-8.76383e-11,1.11431e-10,-1.08866e-10,1.10031e-10,-1.30632e-10,1.89589e-10,-1.66272e-10,1.59899e-10,-1.7563e-10,1.875e-10,-1.71646e-10,1.78858e-10,-1.66526e-10,1.3061e-10,-1.40966e-10,1.4619e-10,-1.15332e-10,1.09037e-10,-1.13765e-10,1.68076e-10,-1.47427e-10,1.78857e-10,-8.67701e-11,7.58273e-11,-6.62759e-11,7.00346e-11,-3.21148e-11,7.13136e-11,-4.65352e-11,6.28155e-11,-4.745e-11,1.03206e-11,-1.96501e-11,-3.26494e-12,-1.5195e-11,6.40163e-11,-1.17957e-10,1.23414e-10,-9.42251e-11,6.62226e-11,0
0,-1.90585e-11,4.44267e-12,5.2971e-12,-6.10036e-11,4.85603e-11,-2.33573e-11,3.55485e-11,-3.1207e-11,5.552e-11,-5.66356e-11,4.54374e-11,-3.1763e-11,2.37872e-11,-5.031e-11,5.62999e-11,-7.35234e-11,6.05631e-11,-4.41105e-11,4.05045e-11,-5.11449e-11,7.85683e-11,-9.02567e-11,7.9865e-11,-1.07786e-10,7.76943e-11,-1.1261e-10,1.19694e-10,-9.82183e-11,9.59375e-11,-1.09093e-10,1.17506e-10,-1.39071e-10,1.29084e-10,-9.81686e-11,1.1563e-10,-1.12429e-10,8.68177e-11,-1.0504e-10,1.5431e-10,-1.46448e-10,1.5728e-10,-1.77188e-10,1.6896e-10,-1.57277e-10,2.06304e-10,-1.92019e-10,1.88287e-10,-1.74008e-10,1.54884e-10,-1.65449e-10,1.59882e-10,-1.60218e-10,1.31507e-10,-1.47293e-10,1.56102e-10,-1.48985e-10,1.20244e-10,-9.36238e-11,8.3431e-11,-5.37419e-11,4.54268e-11,-8.64286e-11,3.75504e-11,-1.02673e-12,-9.10561e-12,-2.75726e-11,4.54463e-11,-6.63505e-11,4.60716e-11,-7.74563e-11,9.39053e-11,-1.09935e-10,8.25366e-11,-6.37286e-11,0
0,1.85505e-11,8.3844e-13,-6.77325e-12,3.8515e-11,-2.95106e-11,1.79181e-11,-1.4893e-11,3.98668e-11,-5.86322e-11,6.02629e-11,-6.33023e-11,4.71569e-11,-4.99671e-11,5.94973e-11,-6.49507e-11,6.31708e-11,-5.88898e-11,4.07994e-11,-4.18012e-11,5.66267e-11,-6.59668e-11,7.48237e-11,-8.90239e-11,1.04656e-10,-8.81144e-11,9.05018e-11,-7.06564e-11,6.84146e-11,-1.02119e-10,9.27969e-11,-9.65095e-11,1.10749e-10,-1.08507e-10,1.18014e-10,-1.04635e-10,1.37007e-10,-9.9476e-11,8.2359e-11,-9.76677e-11,1.69754e-10,-1.4882e-10,1.68725e-10,-1.75945e-10,2.24134e-10,-2.21567e-10,2.01354e-10,-2.0019e-10,1.87846e-10,-1.59581e-10,1.44543e-10,-1.7538e-10,1.58398e-10,-1.52723e-10,1.679e-10,-1.41205e-10,1.38813e-10,-1.36064e-10,1.30679e-10,-6.84981e-11,9.83977e-11,-7.7792e-11,7.45768e-11,-2.60698e-11,4.95604e-12,4.11049e-12,9.76996e-11,-1.03157e-10,1.34627e-10,-1.00563e-10,5.58344e-11,-7.06493e-11,5.79874e-11,-6.60592e-11,3.77156e-11,0
0,-2.09663e-11,2.30838e-11,-9.41469e-13,-1.42943e-11,8.57803e-12,-7.78222e-12,2.41567e-11,-4.60378e-11,4.71978e-11,-2.06342e-11,4.25331e-11,-3.0802e-11,6.90967e-11,-7.53246e-11,5.75788e-11,-5.41753e-11,8.85763e-11,-6.49543e-11,3.52713e-11,-4.58904e-11,5.8261e-11,-7.31006e-11,8.78018e-11,-7.17115e-11,6.55014e-11,-7.52998e-11,6.14939e-11,-5.76819e-11,9.65166e-11,-8.55458e-11,8.86047e-11,-1.03554e-10,1.16991e-10,-1.2005e-10,1.39028e-10,-1.33927e-10,1.21826e-10,-1.19723e-10,9.16387e-11,-1.53737e-10,1.50608e-10,-1.67431e-10,1.85498e-10,-1.94262e-10,1.89621e-10,-2.01e-10,2.02162e-10,-1.77087e-10,1.67241e-10,-1.53016e-10,1.77746e-10,-1.50585e-10,1.80192e-10,-1.79527e-10,1.77143e-10,-1.26319e-10,9.88249e-11,-1.14169e-10,7.98632e-11,-8.1517e-11,9.55431e-11,-6.73559e-11,5.24842e-11,2.36966e-12,4.70095e-11,-6.42864e-11,9.82645e-11,-1.14134e-10,9.04308e-11,-6.10285e-11,4.90417e-11,-2.0016e-11,4.22773e-11,1.08145e-11,0
0,9.49107e-12,-1.92255e-11,-9.35074e-12,2.61107e-11,-1.01519e-11,3.37117e-11,-1.45484e-11,2.4631e-11,-4.95177e-11,2.33342e-11,-3.37401e-11,3.16547e-11,-2.14264e-11,8.20535e-11,-7.51825e-11,6.20197e-11,-4.75993e-11,3.38751e-11,-3.36016e-11,5.07114e-11,-6.64286e-11,6.4226e-11,-5.83391e-11,6.23572e-11,-5.30633e-11,6.60272e-11,-5.44098e-11,6.86171e-11,-9.28644e-11,1.17808e-10,-1.09541e-10,1.12362e-10,-1.10649e-10,1.28875e-10,-1.35582e-10,1.14792e-10,-1.50987e-10,1.46578e-10,-8.40359e-11,1.00091e-10,-1.15064e-10,1.77973e-10,-1.75413e-10,1.65363e-10,-1.79067e-10,1.74913e-10,-1.69772e-10,1.48214e-10,-1.43675e-10,1.2978e-10,-1.60168e-10,1.77256e-10,-1.41452e-10,1.95281e-10,-1.46522e-10,1.22948e-10,-8.27685e-11,1.04306e-10,-7.04787e-11,9.91367e-11,-1.13097e-10,9.91882e-11,-8.45439e-11,5.64064e-11,-6.41336e-11,1.17669e-10,-8.9674e-11,8.92975e-11,-6.20517e-11,5.45768e-11,-2.30926e-12,1.09068e-11,-3.16476e-11,7.63833e-12,0
0,3.20632e-12,7.56728e-12,2.46736e-11,-4.05525e-11,2.16858e-11,-4.02007e-11,4.3709e-11,-5.75966e-11,4.91482e-11,-3.50688e-11,2.9619e-11,-3.53246e-11,2.60272e-11,-7.41238e-11,6.79314e-11,-3.10045e-11,4.83986e-11,-2.38316e-11,3.4813e-11,-7.41061e-11,6.16289e-11,-5.69322e-11,4.53859e-11,-5.90177e-11,4.89635e-11,-6.34941e-11,8.15312e-11,-7.35447e-11,1.07423e-10,-1.12518e-10,1.28633e-10,-1.01554e-10,1.0527e-10,-1.17552e-10,1.29852e-10,-1.26224e-10,1.31326e-10,-1.47125e-10,1.13126e-10,-1.09816e-10,1.2675e-10,-1.66034e-10,1.86702e-10,-1.64393e-10,1.75483e-10,-1.50589e-10,1.78279e-10,-2.02173e-10,1.89726e-10,-1.78481e-10,1.65317e-10,-1.4205e-10,1.73662e-10,-1.52026e-10,1.47361e-10,-1.56939e-10,9.35696e-11,-8.01457e-11,8.16591e-11,-9.7895e-11,8.95994e-11,-4.7784e-11,6.70539e-11,-8.34497e-11,9.88045e-11,-1.21211e-10,8.71978e-11,-7.54312e-11,8.65796e-11,-7.79394e-11,8.18474e-11,-2.3185e-11,1.38058e-11,-1.30314e-11,0
0,7.11253e-12,1.09566e-11,-2.50964e-11,3.52358e-11,-3.80354e-11,2.69509e-11,-3.04219e-11,5.17915e-11,-4.71232e-11,4.50058e-11,-2.11529e-11,4.17586e-11,-4.67431e-11,5.70708e-11,-3.92504e-11,4.10978e-11,-5.00364e-11,3.96234e-11,-4.85407e-11,6.6315e-11,-5.2637e-11,6.86846e-11,-3.53531e-11,4.34213e-11,-1.68185e-11,3.91829e-11,-6.44604e-11,9.5433e-11,-1.1137e-10,9.88685e-11,-9.89537e-11,1.03803e-10,-1.03963e-10,1.06045e-10,-8.2732e-11,8.80824e-11,-1.14476e-10,1.15211e-10,-9.80265e-11,1.14925e-10,-1.36914e-10,1.45768e-10,-1.15245e-10,1.22268e-10,-1.2586e-10,1.42617e-10,-1.5541e-10,1.62577e-10,-1.69896e-10,1.53237e-10,-1.35086e-10,1.2894e-10,-1.35001e-10,1.31303e-10,-1.55148e-10,1.35724e-10,-5.85656e-11,2.14406e-11,-3.28626e-11,8.20304e-11,-7.34452e-11,4.02487e-11,-2.84786e-11,6.6894e-11,-9.29319e-11,7.66498e-11,-8.07177e-11,5.09885e-11,-8.88818e-11,7.84368e-11,-7.27809e-11,5.5266e-11,-7.45786e-11,5.03206e-11,0
0,2.54126e-11,-2.11458e-11,9.97602e-12,-2.86668e-11,2.45386e-11,-2.99529e-11,4.3805e-11,-3.98046e-11,4.31548e-11,-4.09166e-11,4.2462e-11,-3.0294e-11,4.01315e-11,-5.70353e-11,4.7681e-11,-4.24478e-11,4.49241e-11,-4.55778e-11,2.15294e-11,-3.94493e-11,4.41851e-11,-1.41185e-11,8.51585e-12,-1.81188e-11,3.55875e-11,-3.99965e-11,6.30926e-11,-9.63105e-11,9.45661e-11,-7.96128e-11,8.19682e-11,-8.26894e-11,1.02624e-10,-1.01142e-10,8.9436e-11,-7.17328e-11,9.83711e-11,-8.71303e-11,1.1056e-10,-1.2105e-10,7.77565e-11,-8.51479e-11,7.51417e-11,-1.24153e-10,1.52673e-10,-1.8718e-10,1.54555e-10,-1.70156e-10,1.69281e-10,-1.28708e-10,1.06476e-10,-1.2201e-10,1.15872e-10,-1.15262e-10,1.14555e-10,-1.15215e-10,5.06439e-11,1.89662e-11,1.23137e-11,-7.12799e-11,9.65095e-11,-2.61871e-11,6.33342e-11,-8.31406e-11,7.33671e-11,-1.01675e-10,9.18661e-11,-2.71214e-11,4.47855e-11,-5.58771e-11,7.91189e-11,-6.10214e-11,9.73372e-11,-9.75291e-11,0
0,-1.67297e-11,3.14451e-11,-1.29461e-11,2.44746e-11,-4.10303e-11,3.60352e-11,-3.5481e-11,3.77085e-11,-2.60876e-11,3.99893e-11,-1.73799e-11,2.5274e-11,-2.50466e-11,5.52518e-11,-5.82361e-11,3.51008e-11,-2.17319e-11,3.18359e-11,-3.35234e-11,2.95017e-11,-1.77991e-11,1.82965e-11,-3.2621e-11,4.27498e-11,-5.41291e-11,8.26006e-11,-5.37455e-11,4.57128e-11,-3.92077e-11,5.11307e-11,-5.68185e-11,6.81766e-11,-1.03302e-10,1.20071e-10,-9.99307e-11,9.65166e-11,-9.4861e-11,8.44516e-11,-6.37357e-11,8.5878e-11,-1.16067e-10,9.26565e-11,-8.4956e-11,1.19474e-10,-1.50497e-10,1.80012e-10,-1.44835e-10,1.194e-10,-1.04103e-10,1.08258e-10,-9.28932e-11,9.82553e-11,-6.59306e-11,6.50457e-11,-9.96447e-11,8.14699e-11,-2.05294e-11,2.16538e-12,-2.66454e-14,3.92504e-11,-8.00959e-11,3.32747e-11,-6.84928e-11,9.81721e-11,-6.84359e-11,1.01487e-10,-1.27272e-10,1.09786e-10,-8.11866e-11,7.64757e-11,-8.18119e-11,6.84608e-11,-7.76836e-11,7.00027e-11,0
0,1.78915e-11,-1.43956e-11,3.88134e-11,-3.45786e-11,4.22418e-11,-4.09379e-11,2.57963e-11,-3.50084e-11,2.80416e-11,-4.94111e-11,4.71232e-11,-2.14548e-11,4.25402e-11,-5.57598e-11,6.88978e-11,-4.43805e-11,3.79075e-11,-3.48592e-11,3.55662e-11,-2.27622e-11,1.11307e-11,-1.3749e-11,4.96136e-11,-5.51488e-11,7.20064e-11,-7.23475e-11,6.53522e-11,-4.62244e-11,4.77485e-11,-5.11058e-11,6.87841e-11,-8.59828e-11,1.05722e-10,-1.43018e-10,1.70079e-10,-1.41863e-10,6.29328e-11,-5.41611e-11,8.97771e-11,-7.85967e-11,8.14246e-11,-6.4416e-11,6.47464e-11,-1.27564e-10,1.4384e-10,-1.51067e-10,1.37351e-10,-1.03728e-10,9.91589e-11,-8.1402e-11,1.07803e-10,-6.7327e-11,9.5731e-11,-1.52588e-10,8.3336e-11,-7.74012e-11,8.25668e-11,-1.2454e-11,4.91802e-11,-4.32401e-11,5.67546e-11,-3.17932e-11,8.11085e-11,-9.79767e-11,9.09601e-11,-1.10845e-10,2.27729e-11,-4.48779e-11,6.60094e-11,-9.61222e-11,1.01082e-10,-1.09715e-10,5.51452e-11,-3.43903e-11,0
0,-1.61862e-11,2.52385e-11,-3.28306e-11,4.78053e-11,-3.9261e-11,2.45244e-11,-3.07772e-11,4.10303e-11,-1.8062e-11,3.82911e-11,-3.4067e-11,1.56959e-11,-3.38183e-11,5.63816e-11,-5.21609e-11,4.00924e-11,-1.722e-11,3.92006e-11,-3.94991e-11,3.61737e-11,-1.2303e-11,4.35989e-11,-4.11795e-11,3.81348e-11,-3.36371e-11,4.89315e-11,-3.9428e-11,4.99192e-11,-5.9007e-11,5.61826e-11,-7.06279e-11,7.82059e-11,-1.1422e-10,1.31145e-10,-1.65386e-10,1.07743e-10,-9.98668e-11,8.37801e-11,-9.45874e-11,8.85194e-11,-5.81082e-11,5.29958e-11,-9.66764e-11,1.05478e-10,-1.33561e-10,1.08635e-10,-7.85478e-11,7.65041e-11,-9.75895e-11,7.50657e-11,-4.52528e-11,3.86455e-11,-6.94502e-11,1.36517e-10,-8.6267e-11,5.946e-11,-5.8364e-11,5.22355e-11,-8.0437e-11,8.70095e-11,-9.34044e-11,7.41487e-11,-9.71916e-11,1.01164e-10,-7.01448e-11,8.16556e-11,-4.54747e-11,8.63238e-11,-8.6736e-11,7.90976e-11,-9.36424e-11,7.64189e-11,-7.13669e-11,5.40581e-11,0
0,4.96385e-11,-4.7141e-11,2.6791e-11,-1.64029e-11,3.54703e-11,-5.33618e-12,4.99867e-12,-2.43077e-11,1.84635e-11,-3.30154e-11,4.49454e-11,-2.02185e-11,4.55991e-11,-3.87352e-11,3.2859e-11,-2.41087e-11,2.78071e-11,-1.74047e-11,4.52189e-11,-4.58478e-11,3.0667e-11,-6.61942e-11,5.67439e-11,-5.69749e-11,4.82743e-11,-3.96163e-11,3.84048e-11,-5.82467e-11,7.12213e-11,-7.94351e-11,7.552e-11,-9.78417e-11,1.09175e-10,-1.2091e-10,1.04322e-10,-1.04148e-10,9.12905e-11,-6.00409e-11,1.03881e-10,-9.52021e-11,1.19284e-10,-1.26755e-10,1.26299e-10,-1.32891e-10,1.41217e-10,-1.19927e-10,7.17666e-11,-9.63674e-11,1.11554e-10,-8.88685e-11,5.63582e-11,-1.61879e-11,7.0564e-11,-1.03157e-10,8.47908e-11,3.06954e-12,3.89786e-11,-6.46292e-11,9.56142e-11,-7.60849e-11,5.38236e-11,-9.23706e-11,9.86766e-11,-1.15346e-10,5.97851e-11,-1.03412e-10,1.2956e-10,-1.00755e-10,1.00044e-10,-4.46363e-11,7.58291e-11,-6.40341e-11,5.29212e-11,-1.71028e-11,0
0,-2.22968e-11,4.18119e-11,-3.03331e-11,2.12736e-11,-2.63753e-11,6.46594e-12,-1.3884e-11,4.18616e-11,-5.17701e-11,3.96909e-11,-4.50378e-11,4.33467e-11,-5.85096e-11,7.44897e-11,-4.07283e-11,4.64162e-11,-3.08304e-11,3.82094e-11,-5.56675e-11,7.98082e-11,-6.22329e-11,4.44089e-11,-4.33928e-11,7.86038e-11,-6.41549e-11,5.12124e-11,-6.77005e-11,7.55591e-11,-4.93365e-11,6.47873e-11,-8.11191e-11,7.69305e-11,-7.35483e-11,1.30189e-10,-1.32701e-10,1.38233e-10,-1.10614e-10,7.95488e-11,-7.7101e-11,1.34781e-10,-1.11218e-10,1.23704e-10,-1.33845e-10,1.30846e-10,-1.20405e-10,8.92939e-11,-8.67626e-11,1.00645e-10,-8.05898e-11,8.47535e-11,-6.64612e-11,5.40377e-11,-3.41691e-11,5.9778e-11,-5.71188e-11,8.52296e-12,-4.32792e-11,5.166e-11,-6.31069e-11,7.77618e-11,-4.96492e-11,7.98615e-11,-5.71561e-11,7.50973e-11,-2.116e-11,6.28333e-11,-1.233e-10,1.04237e-10,-4.33502e-11,-1.87015e-11,-4.24052e-11,9.71951e-11,-6.27836e-11,5.20757e-11,0
0,-2.66454e-12,-3.95239e-11,2.5139e-11,-5.70921e-12,1.44027e-11,-1.38805e-11,9.97602e-12,-2.56328e-11,1.36389e-11,-1.92841e-11,4.72902e-11,-4.61675e-11,3.99503e-11,-6.44143e-11,5.33511e-11,-5.50173e-11,4.41531e-11,-6.98357e-11,6.96296e-11,-6.7935e-11,4.691e-11,-3.67422e-11,6.32809e-11,-6.99707e-11,7.47846e-11,-7.37295e-11,9.47082e-11,-5.41114e-11,5.26796e-11,-4.35989e-11,9.8769e-11,-9.28573e-11,9.42038e-11,-1.17854e-10,1.18934e-10,-1.16177e-10,1.07104e-10,-1.07779e-10,9.73834e-11,-8.97202e-11,8.43006e-11,-8.62155e-11,8.8594e-11,-8.92193e-11,7.46372e-11,-7.12514e-11,1.09317e-10,-8.96456e-11,4.56954e-11,-2.88888e-11,7.54545e-11,-6.87481e-11,4.70308e-11,1.84652e-11,1.61471e-11,-3.41274e-11,2.23537e-11,-5.46017e-11,5.93054e-11,-4.83027e-11,5.82823e-11,-8.74323e-11,7.59641e-11,-6.97753e-11,9.17595e-11,-9.21219e-11,9.39053e-11,-6.20304e-11,4.8459e-11,3.52429e-12,3.48237e-11,-4.76064e-13,7.46567e-11,-6.13269e-11,0
0,-2.79599e-12,6.10605e-11,-4.09166e-11,1.39195e-11,-1.32125e-11,9.83746e-12,-1.19549e-11,3.20561e-11,1.34293e-12,8.35954e-12,-3.55449e-11,3.82769e-11,-4.57128e-11,6.19451e-11,-6.36113e-11,4.72049e-11,-4.73861e-11,5.55254e-11,-6.5949e-11,5.08038e-11,-3.34737e-11,4.02025e-11,-5.78098e-11,6.70859e-11,-7.21165e-11,7.28058e-11,-9.10134e-11,8.28102e-11,-7.21236e-11,3.97584e-11,-7.96163e-11,8.66365e-11,-1.02375e-10,1.27041e-10,-1.10795e-10,1.31607e-10,-1.27208e-10,6.11671e-11,-4.6473e-11,8.47393e-11,-1.18321e-10,9.27809e-11,-1.27878e-10,9.51168e-11,-9.28164e-11,9.52367e-11,-7.61498e-11,1.05593e-10,-8.65401e-11,4.83246e-11,-4.22355e-11,8.74136e-11,-5.05338e-11,1.82503e-11,-8.72546e-12,6.73417e-12,-3.50404e-11,6.29079e-11,-5.00684e-11,3.23759e-11,-7.72076e-11,8.75851e-11,-7.54241e-11,1.08159e-10,-1.00741e-10,1.02254e-10,-7.40954e-11,9.64633e-11,-8.60041e-11,1.46301e-11,-4.42029e-11,8.66152e-12,-2.28297e-11,7.55662e-11,0
0,-1.62004e-12,-3.09228e-11,1.76215e-11,-9.20153e-12,-2.47624e-12,-3.30971e-11,2.44356e-11,-4.05507e-11,2.46914e-11,-1.44809e-11,3.9428e-11,-3.40492e-11,2.86775e-11,-6.43148e-11,6.54836e-11,-3.82201e-11,4.89777e-11,-6.18208e-11,4.58442e-11,-2.50751e-11,3.98011e-11,-3.09868e-11,6.6116e-11,-6.25739e-11,8.24798e-11,-8.43947e-11,7.39426e-11,-6.02469e-11,2.91784e-11,-3.99076e-11,4.66649e-11,-5.78737e-11,7.91687e-11,-8.68283e-11,8.78657e-11,-9.40865e-11,7.38787e-11,-5.29923e-11,4.14424e-11,-7.1843e-11,1.11326e-10,-1.02501e-10,1.19435e-10,-1.31124e-10,1.60945e-10,-1.3634e-10,1.27867e-10,-1.39669e-10,1.44976e-10,-1.63498e-10,9.30993e-11,-3.43698e-11,3.75282e-11,1.53602e-11,9.27614e-12,-3.3884e-11,6.94875e-11,-1.16138e-10,9.52589e-11,-6.8038e-11,7.79004e-11,-7.65397e-11,6.84963e-11,-7.68097e-11,3.16902e-11,-3.04894e-11,1.32161e-11,-7.78897e-11,6.28617e-11,-2.15508e-11,1.99591e-11,-6.45315e-11,4.56026e-11,1.99378e-11,0
0,1.60583e-12,1.776e-11,-3.53744e-11,2.98215e-11,-2.2915e-11,3.10969e-11,-1.18767e-11,2.42828e-11,-1.42073e-11,3.15481e-11,-5.35216e-11,5.62395e-11,-3.51683e-11,4.70166e-11,-1.69216e-11,1.99911e-11,-3.20384e-11,4.16236e-11,-1.85665e-11,2.21014e-11,-1.8634e-11,1.69607e-11,-1.51665e-11,3.95275e-11,-6.14904e-11,7.04787e-11,-7.79039e-11,6.59846e-11,-3.82414e-11,4.61604e-11,-4.64482e-11,4.4782e-11,-3.80034e-11,9.54046e-11,-9.36211e-11,7.86962e-11,-6.59419e-11,1.90425e-11,-2.96438e-11,4.29488e-11,-5.63887e-11,7.83604e-11,-1.14332e-10,1.19565e-10,-9.05374e-11,1.20064e-10,-9.35607e-11,1.07244e-10,-1.32034e-10,9.68106e-11,-2.23839e-11,1.91376e-11,-4.96296e-11,2.64784e-11,-4.41265e-11,1.0133e-10,-1.31834e-10,1.36204e-10,-9.95897e-11,7.08376e-11,-8.08917e-11,7.52536e-11,-1.01636e-10,6.81055e-11,-6.97682e-11,2.1565e-11,-2.94165e-12,7.93605e-11,-5.86695e-11,1.67546e-11,-5.77458e-11,6.20162e-11,-5.479e-11,1.36708e-11,0
0,2.36611e-11,-1.70388e-11,3.60245e-12,-3.36087e-11,3.35234e-11,-1.70033e-11,2.50324e-11,-1.80478e-12,1.74794e-12,5.0342e-12,2.40483e-11,-3.40385e-11,2.11742e-11,-2.41833e-11,3.41736e-11,-4.41958e-11,5.30598e-11,-3.04219e-11,4.27676e-11,-4.37517e-11,4.54889e-11,-2.86455e-11,4.8324e-11,-3.29514e-11,4.32827e-11,-2.73523e-11,8.61284e-11,-7.87139e-11,5.37064e-11,-3.08553e-11,3.03793e-11,-5.51097e-11,8.70415e-11,-1.04048e-10,8.84057e-11,-1.00762e-10,9.50742e-11,-5.62537e-11,5.16422e-11,-2.3908e-11,7.46194e-11,-6.82636e-11,8.1565e-11,-8.63238e-11,6.48841e-11,-3.88312e-11,8.73932e-11,-8.87925e-11,6.85348e-11,-4.86766e-11,5.38867e-11,-7.53264e-11,7.61897e-11,-9.06812e-11,8.51337e-11,-1.43267e-10,1.36026e-10,-1.18128e-10,6.03642e-11,-6.93454e-11,8.66152e-11,-9.28608e-11,8.5592e-11,-8.12719e-11,7.78044e-11,-3.36726e-11,7.57723e-11,-5.64171e-11,9.90426e-11,-2.47624e-11,4.97664e-11,-3.41913e-11,9.35714e-11,-2.2105e-11,0
0,-5.52731e-11,3.74776e-11,-2.46736e-11,2.35048e-11,-1.55147e-11,2.85638e-12,-1.26654e-11,1.70139e-11,-1.97531e-12,4.04299e-12,-1.96607e-11,4.59401e-11,-9.97957e-12,4.22702e-11,-4.04654e-11,3.71436e-11,-5.09353e-11,4.61426e-11,-3.5584e-11,4.88072e-11,-4.24762e-11,4.7816e-11,-3.17222e-11,4.16485e-11,-1.43352e-11,3.5083e-11,-7.05747e-11,8.69065e-11,-5.56213e-11,2.04992e-11,-4.14211e-11,6.5512e-11,-6.58495e-11,6.59917e-11,-4.91127e-11,1.09278e-10,-1.20021e-10,8.92726e-11,-7.47171e-11,4.49596e-11,-5.12816e-11,5.21627e-11,-5.16867e-11,4.08118e-11,-2.93321e-11,2.45333e-11,-4.45586e-11,4.69975e-11,-4.12255e-11,3.92659e-11,-8.2502e-11,9.42233e-11,-7.35358e-11,1.1258e-10,-1.02791e-10,1.35415e-10,-1.48255e-10,8.51266e-11,-8.3606e-11,6.81553e-11,-5.50884e-11,4.13465e-11,-6.33449e-11,1.27649e-10,-7.28662e-11,9.89431e-11,-7.48344e-11,9.97531e-11,-1.28125e-10,5.48539e-11,-3.04823e-11,3.99893e-11,-6.76721e-11,3.93214e-11,0
0,2.49933e-11,-5.56923e-11,3.97797e-11,-3.00808e-11,3.18714e-11,-2.02292e-11,2.08225e-11,-2.65601e-11,1.86517e-11,6.59028e-12,9.08429e-12,-3.22231e-11,1.97176e-11,-2.19558e-11,1.07683e-11,-3.04858e-11,4.76774e-11,-4.07923e-11,4.59046e-11,-5.93232e-11,2.14797e-11,-1.37099e-11,9.4893e-12,-1.02354e-11,4.93507e-11,-3.61489e-11,8.14708e-11,-9.12337e-11,4.42455e-11,-2.74163e-11,3.27809e-11,-2.27374e-12,2.29221e-11,-3.19531e-11,6.85603e-11,-1.06343e-10,1.2378e-10,-1.21624e-10,8.92726e-11,-5.83622e-11,3.1914e-11,-5.57563e-11,3.91047e-11,-2.58993e-11,2.05045e-11,-2.33369e-11,1.83369e-11,1.11176e-11,1.89639e-11,1.7045e-11,5.0222e-11,5.59197e-12,1.68345e-11,-6.2359e-11,8.15525e-11,-4.91909e-11,9.89751e-11,-4.07177e-11,3.73994e-11,-8.08598e-12,1.81188e-11,1.17808e-11,1.72804e-11,-5.21965e-11,5.73905e-11,-4.71729e-11,9.61009e-11,-8.34817e-11,9.7387e-11,-3.04681e-11,3.81775e-11,-5.79092e-12,1.19371e-12,-4.58584e-11,0
0,-1.93232e-11,4.00284e-11,-2.43361e-11,4.66756e-11,-2.57607e-11,-7.04503e-12,-3.24007e-12,1.07967e-11,-2.72351e-11,4.64695e-12,-2.08935e-11,2.71676e-11,-6.78213e-12,-4.94893e-12,-1.10383e-11,1.76641e-11,-5.52447e-12,2.5377e-11,-1.37419e-11,1.7625e-11,-1.10489e-12,4.34852e-12,8.93152e-12,-6.54765e-12,-1.09353e-11,1.97744e-11,-4.15383e-11,3.88702e-11,-3.79465e-11,3.19638e-11,-4.06395e-11,2.75335e-11,7.0699e-13,2.74945e-11,-1.91562e-11,6.55618e-11,-7.27631e-11,6.48406e-11,-3.41807e-11,6.94094e-11,-4.08455e-11,4.88516e-11,-1.70406e-11,3.22551e-11,-2.39364e-12,1.19904e-12,-2.61258e-12,-1.73613e-11,-4.02478e-12,1.65565e-11,-2.80043e-11,6.70752e-12,-4.49862e-11,6.189e-11,-5.15818e-11,1.52625e-11,-2.08864e-11,-8.11085e-12,-2.28013e-11,-2.44427e-12,1.34222e-11,3.7943e-12,9.27258e-12,1.07221e-11,-4.77698e-11,6.19025e-11,-5.85416e-11,4.83169e-11,-8.83205e-12,1.70246e-11,-4.26468e-11,3.65503e-11,2.97007e-12,5.87193e-11,0
0,0,0,0,0,0,0,0,0,0,0,0,0,0,0,0,0,0,0,0,0,0,0,0,0,0,0,0,0,0,0,0,0,0,0,0,0,0,0,0,0,0,0,0,0,0,0,0,0,0,0,0,0,0,0,0,0,0,0,0,0,0,0,0,0,0,0,0,0,0,0,0,0,0,0,0
